USSCIDN,ECON_OFF_TYPE
2828330,2
2828347,6
2828351,1
2828353,1
2828363,6
2828376,6
2828534,2
2828538,2
2828540,12
2828541,21
2828543,9
2828553,12
2828568,12
2828603,12
2828622,12
2828643,4
2828932,6
2828936,6
2828940,7
2828957,19
2829073,7
2829104,6
2829119,7
2829127,7
2829128,9
2829133,7
2829138,12
2829154,10
2829180,19
2829182,7
2829197,4
2829217,6
2829258,4
2829338,6
2829356,2
2829391,4
2829412,7
2829422,6
2829425,12
2829447,12
2829469,6
2829483,1
2829495,5
2829507,12
2829510,12
2829597,6
2829610,2
2829619,12
2829629,2
2829645,13
2829668,15
2829681,12
2829695,12
2829710,6
2829720,6
2829728,4
2829736,4
2829748,14
2829750,12
2829765,4
2829793,17
2829818,6
2829881,9
2829889,12
2829903,12
2829904,4
2829908,2
2829913,16
2829924,16
2829933,16
2829944,6
2829946,9
2829951,5
2829957,6
2829969,7
2829986,4
2830012,4
2830100,6
2830118,6
2830195,12
2830240,4
2830258,12
2830269,4
2830274,6
2830294,19
2830348,6
2830360,4
2830425,14
2830427,12
2830453,12
2830469,12
2830477,6
2830483,12
2830507,2
2830517,12
2830520,4
2830525,7
2830557,4
2830567,14
2830570,14
2830574,12
2830582,6
2830632,1
2830665,12
2830679,6
2830689,8
2830690,1
2830697,12
2830707,6
2830711,2
2830716,7
2830723,4
2830742,6
2830750,6
2830754,7
2830757,16
2830801,6
2830826,9
2830832,4
2830834,9
2830853,9
2830863,6
2830864,6
2830915,15
2830916,15
2830919,6
2830924,12
2830945,2
2831028,4
2831031,4
2831062,12
2831073,13
2831077,13
2831114,6
2831124,12
2831131,1
2831134,4
2831146,19
2831160,20
2831205,20
2831217,9
2831237,12
2831276,6
2831281,2
2831282,2
2831286,12
2831287,15
2831294,4
2831296,4
2831298,12
2831318,7
2831337,13
2831345,4
2831380,14
2831389,16
2831390,7
2831392,4
2831395,7
2831430,4
2831469,6
2831473,12
2831479,12
2831484,12
2831502,4
2831510,6
2831535,4
2831616,1
2831642,6
2831680,6
2831682,6
2831685,2
2831700,12
2831725,12
2831751,2
2831761,12
2831762,2
2831793,21
2831805,6
2831810,2
2831816,2
2831823,12
2831829,4
2831834,12
2831840,2
2831865,12
2831866,12
2831871,6
2831898,12
2831905,4
2831912,12
2831918,1
2831926,6
2831959,12
2831979,21
2831986,4
2831989,4
2831991,4
2832002,6
2832019,1
2832032,6
2832034,1
2832071,6
2832091,7
2832114,2
2832118,6
2832122,9
2832125,4
2832150,6
2832161,13
2832201,7
2832207,6
2832219,12
2832223,7
2832227,15
2832229,12
2832230,10
2832232,6
2832237,6
2832246,6
2832270,20
2832304,19
2832310,16
2832381,12
2832384,6
2832387,6
2832417,21
2832453,12
2832470,4
2832479,21
2832492,7
2832501,6
2832504,9
2832554,6
2832583,12
2832584,9
2832622,12
2832636,4
2832643,6
2832651,6
2832673,7
2832690,6
2832696,13
2832699,19
2832704,15
2832720,4
2832742,4
2832749,21
2832752,21
2832759,19
2832769,6
2832785,17
2832839,4
2832865,9
2832870,12
2832871,12
2832873,16
2832876,12
2832902,10
2832913,7
2832937,9
2832954,2
2832955,6
2832977,4
2832980,12
2832994,7
2833013,6
2833026,2
2833057,4
2833061,12
2833062,1
2833063,9
2833113,9
2833115,4
2833143,12
2833147,15
2833190,19
2833199,4
2833206,6
2833207,6
2833208,6
2833218,12
2833222,6
2833245,6
2833271,6
2833273,12
2833278,2
2833283,12
2833287,12
2833295,4
2833304,12
2833340,2
2833391,12
2833399,2
2833403,2
2833408,12
2833410,12
2833435,3
2833436,3
2833444,6
2833451,8
2833464,8
2833468,4
2833471,4
2833491,12
2833524,4
2833543,6
2833550,4
2833569,15
2833581,2
2833626,16
2833627,12
2833648,4
2833649,12
2833673,9
2833682,12
2833706,14
2833715,4
2833739,4
2833748,16
2833769,2
2833775,5
2833790,4
2833798,19
2833811,4
2833829,4
2833876,2
2833887,12
2833889,12
2833899,12
2833903,9
2833906,6
2833942,6
2833948,4
2833952,4
2833969,16
2833975,9
2833981,12
2833982,1
2833993,12
2834010,6
2834022,12
2834114,12
2834145,8
2834150,12
2834162,6
2834187,4
2834203,4
2834289,9
2834293,4
2834295,5
2834300,4
2834358,5
2834371,6
2834400,8
2834403,4
2834410,12
2834412,12
2834414,4
2834419,8
2834435,12
2834457,4
2834478,2
2834515,12
2834534,12
2834535,15
2834545,1
2834559,12
2834560,20
2834574,12
2834575,1
2834589,1
2834618,1
2834623,1
2834629,2
2834641,21
2834659,8
2834697,12
2834719,15
2834732,12
2834736,4
2834744,2
2834770,7
2834772,16
2834823,7
2834832,4
2834845,12
2834847,10
2834849,9
2834853,12
2834855,6
2834865,8
2834866,6
2834883,21
2834892,12
2834895,1
2834900,6
2834903,4
2834906,12
2834912,12
2834914,6
2834915,6
2834932,1
2834938,12
2834944,4
2834981,15
2835005,12
2835028,20
2835030,4
2835041,12
2835042,12
2835072,1
2835076,1
2835090,6
2835102,6
2835126,2
2835133,2
2835138,2
2835148,16
2835159,1
2835161,2
2835188,19
2835203,1
2835228,12
2835231,6
2835240,21
2835245,4
2835280,6
2835309,12
2835318,12
2835382,6
2835399,13
2835410,12
2835453,12
2835463,5
2835483,6
2835504,4
2835508,12
2835515,12
2835518,12
2835525,6
2835545,12
2835550,4
2835556,6
2835581,15
2835618,5
2835641,9
2835642,4
2835656,4
2835687,8
2835689,4
2835697,1
2835698,5
2835703,9
2835712,19
2835717,6
2835729,6
2835744,6
2835748,2
2835758,12
2835764,12
2835777,12
2835782,4
2835797,12
2835806,7
2835817,4
2835818,12
2835825,4
2835849,12
2835853,12
2835864,15
2835883,6
2835896,4
2835919,6
2835950,12
2835962,4
2835972,4
2835994,12
2836015,8
2836035,12
2836039,2
2836042,19
2836055,7
2836061,15
2836088,6
2836096,4
2836101,4
2836113,6
2836136,2
2836151,2
2836175,7
2836179,9
2836222,15
2836224,2
2836253,19
2836258,7
2836264,12
2836282,2
2836318,4
2836336,12
2836361,4
2836385,14
2836423,1
2836487,12
2836491,12
2836498,6
2836533,8
2836588,4
2836589,4
2836592,6
2836595,1
2836602,12
2836603,12
2836609,6
2836611,4
2836619,6
2836651,2
2836667,6
2836671,12
2836673,5
2836684,4
2836693,1
2836718,1
2836728,2
2836732,12
2836747,4
2836755,12
2836760,5
2836852,13
2836855,5
2836858,4
2836868,1
2836921,12
2836929,6
2837017,9
2837045,12
2837053,12
2837077,4
2837081,8
2837122,3
2837124,12
2837133,2
2837176,7
2837199,12
2837254,7
2837256,12
2837277,4
2837315,12
2837370,6
2837379,9
2837386,12
2837403,4
2837432,14
2837435,12
2837504,2
2837529,2
2837531,5
2837537,2
2837582,12
2837644,12
2837659,2
2837670,4
2837675,7
2837680,12
2837681,6
2837689,6
2837690,2
2837691,6
2837704,6
2837706,12
2837711,14
2837726,15
2837745,7
2837747,1
2837753,12
2837775,13
2837843,6
2837848,1
2837857,1
2837861,12
2837865,6
2837869,7
2837879,8
2837883,7
2837887,4
2837915,9
2837947,9
2837950,6
2837956,1
2837975,1
2837976,6
2837984,6
2837991,19
2838003,2
2838005,4
2838108,15
2838114,9
2838115,4
2838116,4
2838133,4
2838134,3
2838135,2
2838172,9
2838175,1
2838179,12
2838184,13
2838188,4
2838190,6
2838211,20
2838219,20
2838229,4
2838270,12
2838287,12
2838312,12
2838320,12
2838340,6
2838354,9
2838357,4
2838362,9
2838406,7
2838426,2
2838447,16
2838451,7
2838496,4
2838498,12
2838499,4
2838504,4
2838514,2
2838528,12
2838529,2
2838534,9
2838542,6
2838543,19
2838545,6
2838579,7
2838583,7
2838611,12
2838621,1
2838634,4
2838662,1
2838679,4
2838680,2
2838725,7
2838728,10
2838750,4
2838763,12
2838772,12
2838780,12
2838802,9
2838820,6
2838822,12
2838829,12
2838843,12
2838844,12
2838856,7
2838895,6
2838900,4
2838945,12
2838949,12
2838958,4
2838961,12
2839028,4
2839040,6
2839042,12
2839047,12
2839048,12
2839051,12
2839057,4
2839063,21
2839064,15
2839076,6
2839094,12
2839096,13
2839106,6
2839112,6
2839114,7
2839115,6
2839125,6
2839130,9
2839143,16
2839150,15
2839158,12
2839172,9
2839196,4
2839205,12
2839207,4
2839221,4
2839270,12
2839277,4
2839287,6
2839292,4
2839296,6
2839317,2
2839323,2
2839325,6
2839332,12
2839352,12
2839389,2
2839390,2
2839399,12
2839414,21
2839416,12
2839417,6
2839426,12
2839438,21
2839443,4
2839446,4
2839462,12
2839464,4
2839466,6
2839496,15
2839498,12
2839499,6
2839506,12
2839508,12
2839537,12
2839541,2
2839549,1
2839560,18
2839567,4
2839584,12
2839624,12
2839630,12
2839645,2
2839658,12
2839663,12
2839677,15
2839681,3
2839684,4
2839694,9
2839707,6
2839709,15
2839721,9
2839727,1
2839736,4
2839748,1
2839757,6
2839769,6
2839778,5
2839781,8
2839789,13
2839798,2
2839805,21
2839806,20
2839826,2
2839851,12
2839871,6
2839882,2
2839904,5
2839916,7
2839936,12
2839977,12
2840003,12
2840049,10
2840051,4
2840054,6
2840060,2
2840061,2
2840067,12
2840104,12
2840118,2
2840126,12
2840164,6
2840181,7
2840183,2
2840186,12
2840204,2
2840205,2
2840214,6
2840217,6
2840222,16
2840226,6
2840228,12
2840232,4
2840274,4
2840283,6
2840370,2
2840381,4
2840384,4
2840392,6
2840402,6
2840408,4
2840412,5
2840424,12
2840426,12
2840428,9
2840438,12
2840450,15
2840453,12
2840465,4
2840466,21
2840474,12
2840481,6
2840513,15
2840527,9
2840538,6
2840569,4
2840573,4
2840587,7
2840599,4
2840638,12
2840649,12
2840651,6
2840673,4
2840681,21
2840702,12
2840715,4
2840722,6
2840738,12
2840754,7
2840799,6
2840807,1
2840827,6
2840830,12
2840832,4
2840847,4
2840866,1
2840873,12
2840875,12
2840876,12
2840886,20
2840920,4
2840929,7
2840953,12
2840955,15
2840981,12
2841003,2
2841019,9
2841027,4
2841048,6
2841080,4
2841097,12
2841108,19
2841119,12
2841128,4
2841151,4
2841154,6
2841157,12
2841161,12
2841195,6
2841202,9
2841213,15
2841219,4
2841280,6
2841282,10
2841288,19
2841290,8
2841294,21
2841303,2
2841304,17
2841314,2
2841348,9
2841356,6
2841410,4
2841421,12
2841443,4
2841461,6
2841463,6
2841504,6
2841512,6
2841519,6
2841529,4
2841533,12
2841551,4
2841552,6
2841555,12
2841562,2
2841589,7
2841590,12
2841605,6
2841610,12
2841631,1
2841645,4
2841651,12
2841659,7
2841661,15
2841664,12
2841692,2
2841705,4
2841708,21
2841718,2
2841727,6
2841729,12
2841736,4
2841743,3
2841747,19
2841896,6
2841905,1
2841909,9
2841914,12
2841915,2
2841916,12
2841934,2
2841939,2
2841941,4
2841944,4
2841952,6
2841960,12
2841969,6
2841977,12
2841983,15
2841986,20
2842002,12
2842012,5
2842032,1
2842038,3
2842039,3
2842043,7
2842045,7
2842046,12
2842050,1
2842054,10
2842086,4
2842089,4
2842138,4
2842150,12
2842158,9
2842159,12
2842165,21
2842168,20
2842188,12
2842198,10
2842213,7
2842222,9
2842228,12
2842240,10
2842241,4
2842245,4
2842286,12
2842305,14
2842317,2
2842320,12
2842325,12
2842342,7
2842396,12
2842411,6
2842439,9
2842452,12
2842456,9
2842466,9
2842468,4
2842470,12
2842481,12
2842503,6
2842507,12
2842514,6
2842518,2
2842522,6
2842536,6
2842547,9
2842553,6
2842582,12
2842604,12
2842605,3
2842612,16
2842620,7
2842636,9
2842638,2
2842643,12
2842664,6
2842668,12
2842684,12
2842685,6
2842712,12
2842720,12
2842735,9
2842748,14
2842751,4
2842756,4
2842757,20
2842766,14
2842777,4
2842788,2
2842803,16
2842809,12
2842812,12
2842813,9
2842819,10
2842823,4
2842831,2
2842834,12
2842841,12
2842846,4
2842847,2
2842851,6
2842857,2
2842858,6
2842863,9
2842871,2
2842884,14
2842896,2
2842915,6
2842925,12
2842930,7
2842934,10
2842935,9
2842936,9
2842941,2
2842943,1
2842949,3
2842963,6
2842969,9
2843011,2
2843018,6
2843022,2
2843024,6
2843030,6
2843042,4
2843044,13
2843054,7
2843057,9
2843059,19
2843060,2
2843070,13
2843078,15
2843080,7
2843083,2
2843089,6
2843094,6
2843097,9
2843114,10
2843123,2
2843128,12
2843134,12
2843135,12
2843136,4
2843140,12
2843145,1
2843199,12
2843210,1
2843230,12
2843231,6
2843245,7
2843252,6
2843277,7
2843279,15
2843280,4
2843290,7
2843300,7
2843305,12
2843310,1
2843327,12
2843347,7
2843357,12
2843358,12
2843372,12
2843403,19
2843404,2
2843405,2
2843441,1
2843446,13
2843451,9
2843455,12
2843457,12
2843472,14
2843473,4
2843481,9
2843485,4
2843487,12
2843489,4
2843503,20
2843516,9
2843523,16
2843546,16
2843547,13
2843585,19
2843598,6
2843603,12
2843617,4
2843623,6
2843624,12
2843626,15
2843640,2
2843645,2
2843656,6
2843662,6
2843670,12
2843681,12
2843684,15
2843687,3
2843691,12
2843696,6
2843697,12
2843699,12
2843705,12
2843708,9
2843736,9
2843754,12
2843766,4
2843775,6
2843782,12
2843796,21
2843804,12
2843829,7
2843847,12
2843853,4
2843855,12
2843856,4
2843868,4
2843892,4
2843924,12
2843932,4
2843944,4
2843947,1
2843948,4
2843959,12
2843979,6
2843983,21
2843991,20
2844021,4
2844041,7
2844048,12
2844049,12
2844053,12
2844054,12
2844063,9
2844064,12
2844065,12
2844067,12
2844088,8
2844103,4
2844104,6
2844110,19
2844116,20
2844124,15
2844130,20
2844138,4
2844147,12
2844155,12
2844159,4
2844204,17
2844208,4
2844218,12
2844225,21
2844232,4
2844237,4
2844245,6
2844258,21
2844262,6
2844266,12
2844269,15
2844284,2
2844288,12
2844304,7
2844342,12
2844366,6
2844377,2
2844389,12
2844390,15
2844433,4
2844438,12
2844459,21
2844522,19
2844542,1
2844547,13
2844567,12
2844570,4
2844572,2
2844574,15
2844579,4
2844586,6
2844606,2
2844643,12
2844649,19
2844688,12
2844691,7
2844753,9
2844754,12
2844756,9
2844774,12
2844775,12
2844803,6
2844817,9
2844843,12
2844850,12
2844856,2
2844859,21
2844911,7
2844913,6
2844917,12
2844936,9
2844947,9
2844961,6
2845004,6
2845005,15
2845024,12
2845028,6
2845030,12
2845036,6
2845053,4
2845057,9
2845060,6
2845067,7
2845070,6
2845072,7
2845076,12
2845077,2
2845081,12
2845111,2
2845112,12
2845115,12
2845122,9
2845130,4
2845131,6
2845142,16
2845154,2
2845168,4
2845172,7
2845206,4
2845224,12
2845229,12
2845247,19
2845251,12
2845261,2
2845263,12
2845356,19
2845383,7
2845395,7
2845397,12
2845404,4
2845406,4
2845407,4
2845435,12
2845472,2
2845477,12
2845482,2
2845494,9
2845521,3
2845530,4
2845555,6
2845570,12
2845572,16
2845575,12
2845578,12
2845580,19
2845602,6
2845638,9
2845639,4
2845650,4
2845654,6
2845658,12
2845662,12
2845665,9
2845682,4
2845685,4
2845690,7
2845702,4
2845720,12
2845722,19
2845740,12
2845753,12
2845765,9
2845785,12
2845809,12
2845827,12
2845849,12
2845852,6
2845866,19
2845868,12
2845869,7
2845874,6
2845891,12
2845897,17
2845924,9
2845932,12
2845939,4
2845958,3
2846017,4
2846018,4
2846021,15
2846025,12
2846045,4
2846050,12
2846071,4
2846078,6
2846093,7
2846106,4
2846138,1
2846144,6
2846163,12
2846164,14
2846167,12
2846195,6
2846205,19
2846206,12
2846218,7
2846249,2
2846252,6
2846263,12
2846271,4
2846290,12
2846307,6
2846318,3
2846370,19
2846376,12
2846384,12
2846401,12
2846408,9
2846415,4
2846418,4
2846457,6
2846466,6
2846471,4
2846475,12
2846477,12
2846479,7
2846481,9
2846484,6
2846486,12
2846487,6
2846499,12
2846511,4
2846524,19
2846527,12
2846537,13
2846545,2
2846589,6
2846647,4
2846691,7
2846701,12
2846703,6
2846772,6
2846774,6
2846782,4
2846821,12
2846824,12
2846851,10
2846860,4
2846868,9
2846882,4
2846901,12
2846915,4
2846918,12
2846950,12
2846959,12
2846998,12
2847016,21
2847020,12
2847046,11
2847050,4
2847058,2
2847069,6
2847077,12
2847078,8
2847083,8
2847091,16
2847096,12
2847097,4
2847104,8
2847105,8
2847106,12
2847113,12
2847118,2
2847130,1
2847140,11
2847146,12
2847147,11
2847149,11
2847157,11
2847179,6
2847195,9
2847196,17
2847199,2
2847210,12
2847216,12
2847220,7
2847230,12
2847231,17
2847244,7
2847251,12
2847261,19
2847271,10
2847286,7
2847288,7
2847341,6
2847352,9
2847360,9
2847375,12
2847381,9
2847405,1
2847413,4
2847415,4
2847417,14
2847429,12
2847439,6
2847471,13
2847488,6
2847498,4
2847506,8
2847507,12
2847547,1
2847573,12
2847588,12
2847589,12
2847611,6
2847626,9
2847650,12
2847657,7
2847663,7
2847683,1
2847692,12
2847729,1
2847732,7
2847756,12
2847773,6
2847776,6
2847790,12
2847791,21
2847800,13
2847813,7
2847814,1
2847822,2
2847834,7
2847845,4
2847871,2
2847890,6
2847899,21
2847901,9
2847909,20
2847919,9
2847921,1
2847951,4
2847966,2
2847969,2
2847970,6
2847997,12
2848000,7
2848008,12
2848013,12
2848035,4
2848037,2
2848044,6
2848045,4
2848050,12
2848073,2
2848075,12
2848081,12
2848086,10
2848092,12
2848096,2
2848105,13
2848110,4
2848135,4
2848151,15
2848155,7
2848185,12
2848190,12
2848191,16
2848209,9
2848254,6
2848268,2
2848292,17
2848293,4
2848303,15
2848310,2
2848311,12
2848313,4
2848325,2
2848326,4
2848337,12
2848356,6
2848369,6
2848372,16
2848382,4
2848397,15
2848411,7
2848434,2
2848451,15
2848464,7
2848476,6
2848490,4
2848504,12
2848514,6
2848555,2
2848576,12
2848579,2
2848587,12
2848613,12
2848642,2
2848674,6
2848685,15
2848688,12
2848787,2
2848792,10
2848797,2
2848821,17
2848843,12
2848851,4
2848859,20
2848868,6
2848870,6
2848881,6
2848898,12
2848926,7
2848932,1
2848938,6
2848941,6
2848944,20
2848949,7
2848982,2
2848987,9
2848999,6
2849004,12
2849009,12
2849037,2
2849054,4
2849067,4
2849086,1
2849091,9
2849105,2
2849121,16
2849133,9
2849185,6
2849186,6
2849229,12
2849252,2
2849257,4
2849264,2
2849270,12
2849279,12
2849285,4
2849293,12
2849318,12
2849397,6
2849427,6
2849430,12
2849442,1
2849461,9
2849463,9
2849469,6
2849482,18
2849499,12
2849538,6
2849549,12
2849557,6
2849563,6
2849603,12
2849670,12
2849719,6
2849720,12
2849739,5
2849747,12
2849753,13
2849754,1
2849758,2
2849779,16
2849790,16
2849802,12
2849803,19
2849809,5
2849817,6
2849818,13
2849832,20
2849855,12
2849858,4
2849861,12
2849865,13
2849905,9
2849917,12
2849950,4
2849954,16
2849959,6
2849998,2
2850006,12
2850016,7
2850017,12
2850019,6
2850032,7
2850035,4
2850037,12
2850068,2
2850094,13
2850100,21
2850105,12
2850129,7
2850165,9
2850166,19
2850182,12
2850194,1
2850215,2
2850228,6
2850237,12
2850252,4
2850257,12
2850264,12
2850273,6
2850278,12
2850291,9
2850292,12
2850304,4
2850308,4
2850331,4
2850343,12
2850348,6
2850358,6
2850361,4
2850366,10
2850382,4
2850417,4
2850432,4
2850448,1
2850449,11
2850460,4
2850476,2
2850516,9
2850524,13
2850555,13
2850564,1
2850569,6
2850580,7
2850584,10
2850598,1
2850599,9
2850615,6
2850632,19
2850640,12
2850646,4
2850669,14
2850672,4
2850689,6
2850702,12
2850711,2
2850752,13
2850757,4
2850777,12
2850788,2
2850819,21
2850851,4
2850874,6
2850895,4
2850916,4
2850918,2
2850944,2
2850947,2
2850994,9
2851000,9
2851010,7
2851012,12
2851033,6
2851043,6
2851047,12
2851080,4
2851097,9
2851112,11
2851133,7
2851134,19
2851159,6
2851203,12
2851217,6
2851224,13
2851225,2
2851243,12
2851270,12
2851300,12
2851301,12
2851312,7
2851318,12
2851338,4
2851339,6
2851343,4
2851356,12
2851363,7
2851369,16
2851371,7
2851376,4
2851378,12
2851380,4
2851385,6
2851387,19
2851390,6
2851408,9
2851411,6
2851444,9
2851467,13
2851468,12
2851475,9
2851489,2
2851494,7
2851505,11
2851522,6
2851532,6
2851542,6
2851546,21
2851550,1
2851566,6
2851571,6
2851600,3
2851630,6
2851645,7
2851662,19
2851666,4
2851674,6
2851698,4
2851700,12
2851709,6
2851712,7
2851717,19
2851771,6
2851776,12
2851787,6
2851789,4
2851791,6
2851793,6
2851796,4
2851799,12
2851811,12
2851826,15
2851827,6
2851848,6
2851861,9
2851887,12
2851929,2
2851960,6
2851967,6
2851980,4
2852005,6
2852023,1
2852038,6
2852048,16
2852050,6
2852066,13
2852079,4
2852099,2
2852100,4
2852107,6
2852144,7
2852153,2
2852208,6
2852212,10
2852213,6
2852214,6
2852215,19
2852217,6
2852218,10
2852226,4
2852228,4
2852240,2
2852257,9
2852275,6
2852303,9
2852343,20
2852347,12
2852355,9
2852368,6
2852406,5
2852412,9
2852415,9
2852416,16
2852424,6
2852444,1
2852491,1
2852502,1
2852545,15
2852553,6
2852555,6
2852573,12
2852580,4
2852582,1
2852601,16
2852611,12
2852632,9
2852640,4
2852655,6
2852666,17
2852715,4
2852744,13
2852756,15
2852773,4
2852788,1
2852800,12
2852812,4
2852817,4
2852825,15
2852842,16
2852849,12
2852888,12
2852893,6
2852899,12
2852932,1
2852955,4
2852956,6
2852984,4
2852989,12
2853015,6
2853017,12
2853020,12
2853022,12
2853027,3
2853032,6
2853035,21
2853036,2
2853044,2
2853075,21
2853098,15
2853110,4
2853133,21
2853143,2
2853145,12
2853158,12
2853161,6
2853173,21
2853181,21
2853182,2
2853185,12
2853189,4
2853211,4
2853221,6
2853228,6
2853235,18
2853261,14
2853279,6
2853289,6
2853297,6
2853319,12
2853324,2
2853332,7
2853352,5
2853363,13
2853381,6
2853388,12
2853411,19
2853412,4
2853429,12
2853442,12
2853445,12
2853448,12
2853460,6
2853466,4
2853513,12
2853519,6
2853555,19
2853557,12
2853564,9
2853571,7
2853594,6
2853601,2
2853606,6
2853625,1
2853642,6
2853666,7
2853674,12
2853675,5
2853682,6
2853688,12
2853690,9
2853696,6
2853705,13
2853710,5
2853726,4
2853742,6
2853752,15
2853754,7
2853755,12
2853773,9
2853787,4
2853789,7
2853798,4
2853825,9
2853845,12
2853852,1
2853861,12
2853867,3
2853874,6
2853876,6
2853877,1
2853879,4
2853885,6
2853899,12
2853921,12
2853942,6
2853944,15
2853957,1
2853960,20
2853966,4
2853997,7
2854003,15
2854016,12
2854034,9
2854051,19
2854074,4
2854087,4
2854088,4
2854101,12
2854106,2
2854112,7
2854116,15
2854123,2
2854153,1
2854194,2
2854199,6
2854208,12
2854209,6
2854230,12
2854242,19
2854244,4
2854256,2
2854267,12
2854383,7
2854395,4
2854398,4
2854406,12
2854428,2
2854438,15
2854455,19
2854460,4
2854464,4
2854476,12
2854523,7
2854553,12
2854601,12
2854620,1
2854637,6
2854649,12
2854656,12
2854674,2
2854683,16
2854698,2
2854704,6
2854705,15
2854707,12
2854708,6
2854712,12
2854719,12
2854721,6
2854740,2
2854769,4
2854773,6
2854788,14
2854824,6
2854852,12
2854854,4
2854873,2
2854887,12
2854905,7
2854961,12
2854978,15
2854981,6
2855010,19
2855023,4
2855054,12
2855061,6
2855095,4
2855102,12
2855115,6
2855144,17
2855155,2
2855157,2
2855160,4
2855162,12
2855176,4
2855186,2
2855219,7
2855220,4
2855225,7
2855228,4
2855260,7
2855261,2
2855273,4
2855283,7
2855286,15
2855288,12
2855302,6
2855310,7
2855311,7
2855328,6
2855330,3
2855336,7
2855348,13
2855350,6
2855354,4
2855374,4
2855422,4
2855428,12
2855436,12
2855441,4
2855452,6
2855454,7
2855460,12
2855481,6
2855482,6
2855494,15
2855498,6
2855507,4
2855509,12
2855517,2
2855519,4
2855541,6
2855546,4
2855552,12
2855570,1
2855580,4
2855614,12
2855619,6
2855622,6
2855636,1
2855637,2
2855638,6
2855643,7
2855657,12
2855667,4
2855694,12
2855718,3
2855720,2
2855727,9
2855739,6
2855740,12
2855772,12
2855791,4
2855804,2
2855810,6
2855817,6
2855821,3
2855833,12
2855840,12
2855846,10
2855849,12
2855853,6
2855862,19
2855868,15
2855899,4
2855900,9
2855911,10
2855923,2
2855924,12
2855927,4
2855935,10
2855948,4
2855971,2
2855988,12
2855994,6
2855996,6
2855998,6
2856000,14
2856004,12
2856015,12
2856020,12
2856021,2
2856039,4
2856050,15
2856064,12
2856070,13
2856075,9
2856080,6
2856088,6
2856098,2
2856113,19
2856126,12
2856132,12
2856135,12
2856136,9
2856144,12
2856157,9
2856158,7
2856160,7
2856179,2
2856187,6
2856190,4
2856195,4
2856219,6
2856225,14
2856228,1
2856241,9
2856279,14
2856281,4
2856287,9
2856290,14
2856305,15
2856313,12
2856329,4
2856339,12
2856378,2
2856385,6
2856386,4
2856424,9
2856426,9
2856434,6
2856437,4
2856441,12
2856442,4
2856453,6
2856477,13
2856490,9
2856498,2
2856501,4
2856502,2
2856503,12
2856517,12
2856542,12
2856546,6
2856561,12
2856584,12
2856596,12
2856622,4
2856624,6
2856626,2
2856627,6
2856633,15
2856644,9
2856646,12
2856652,6
2856678,12
2856686,12
2856692,6
2856710,7
2856725,6
2856777,7
2856778,6
2856790,4
2856795,6
2856813,8
2856836,16
2856858,6
2856874,12
2856880,9
2856895,12
2856904,2
2856928,6
2856976,7
2856989,4
2857010,6
2857019,2
2857023,4
2857026,6
2857027,6
2857032,4
2857055,6
2857076,21
2857084,9
2857094,12
2857113,6
2857122,14
2857125,12
2857128,12
2857156,6
2857193,12
2857202,6
2857212,9
2857218,8
2857237,4
2857249,6
2857253,4
2857266,12
2857272,4
2857275,7
2857298,12
2857307,6
2857310,12
2857315,12
2857330,12
2857342,6
2857350,12
2857355,4
2857358,12
2857368,1
2857405,7
2857422,12
2857426,6
2857440,2
2857469,10
2857474,2
2857484,12
2857495,6
2857501,8
2857509,12
2857549,12
2857550,12
2857575,12
2857594,6
2857631,18
2857634,6
2857658,6
2857679,13
2857682,6
2857694,9
2857714,4
2857729,4
2857730,7
2857734,12
2857752,4
2857773,9
2857778,15
2857795,9
2857804,13
2857811,4
2857831,12
2857875,4
2857876,6
2857889,6
2857890,6
2857894,6
2857896,6
2857906,12
2857910,9
2857926,3
2857937,19
2857943,16
2857949,12
2857952,12
2857958,13
2857969,7
2857988,4
2857989,12
2858002,1
2858007,6
2858015,12
2858030,7
2858047,12
2858052,1
2858056,6
2858075,12
2858079,12
2858081,7
2858089,1
2858090,12
2858125,4
2858134,12
2858153,4
2858154,12
2858204,6
2858206,4
2858214,19
2858222,6
2858224,1
2858268,12
2858272,5
2858279,12
2858281,2
2858305,13
2858331,12
2858335,9
2858346,6
2858390,16
2858398,12
2858409,6
2858433,4
2858436,12
2858439,6
2858467,7
2858483,9
2858496,19
2858497,6
2858507,14
2858525,2
2858531,5
2858536,12
2858546,6
2858567,21
2858575,7
2858577,12
2858592,4
2858601,7
2858618,6
2858621,6
2858628,12
2858649,6
2858653,14
2858654,6
2858655,12
2858658,12
2858673,9
2858679,12
2858695,2
2858697,12
2858716,1
2858723,14
2858725,4
2858726,12
2858738,4
2858749,1
2858757,12
2858762,19
2858763,19
2858775,7
2858792,12
2858798,2
2858799,12
2858809,16
2858810,2
2858822,4
2858850,4
2858858,4
2858863,12
2858867,13
2858896,12
2858905,12
2858913,19
2858914,9
2858916,15
2858930,7
2859004,9
2859034,12
2859039,12
2859051,19
2859055,6
2859082,4
2859132,12
2859141,12
2859160,2
2859161,4
2859163,9
2859168,14
2859175,4
2859186,2
2859192,9
2859225,12
2859239,4
2859253,4
2859261,4
2859280,4
2859304,7
2859345,19
2859378,4
2859383,12
2859390,2
2859395,1
2859402,4
2859405,4
2859409,9
2859420,12
2859472,4
2859482,14
2859510,12
2859536,6
2859545,2
2859554,12
2859591,4
2859595,4
2859596,12
2859616,12
2859623,1
2859676,6
2859679,4
2859692,4
2859702,7
2859742,12
2859797,4
2859824,6
2859825,6
2859827,12
2859837,12
2859863,12
2859870,7
2859876,6
2859890,4
2859905,10
2859914,3
2859918,9
2859948,10
2859951,9
2859971,1
2859976,1
2860012,12
2860018,2
2860062,9
2860068,2
2860070,6
2860072,1
2860126,4
2860128,15
2860129,4
2860183,7
2860187,12
2860196,12
2860287,12
2860289,15
2860306,2
2860314,12
2860315,13
2860318,12
2860334,16
2860359,4
2860363,6
2860370,6
2860374,1
2860378,4
2860380,15
2860384,15
2860392,15
2860405,9
2860406,6
2860433,4
2860473,7
2860481,6
2860488,2
2860494,12
2860515,6
2860523,6
2860524,2
2860529,2
2860533,12
2860535,6
2860537,12
2860542,17
2860554,6
2860588,6
2860595,4
2860605,6
2860609,2
2860624,6
2860628,6
2860646,6
2860664,21
2860690,12
2860693,12
2860699,7
2860704,4
2860716,4
2860727,6
2860729,21
2860748,6
2860760,4
2860764,12
2860785,21
2860789,12
2860800,6
2860803,7
2860806,12
2860824,6
2860826,2
2860833,21
2860864,6
2860870,12
2860884,8
2860906,10
2860913,16
2860920,2
2860935,12
2860936,6
2860948,13
2860960,6
2860967,2
2861003,12
2861021,12
2861023,3
2861025,15
2861045,4
2861046,2
2861081,6
2861091,4
2861093,12
2861104,15
2861114,1
2861131,2
2861133,4
2861141,9
2861148,12
2861150,12
2861174,15
2861176,15
2861178,12
2861181,15
2861215,15
2861232,4
2861245,13
2861247,4
2861254,12
2861258,12
2861278,12
2861282,3
2861283,2
2861330,12
2861339,21
2861345,15
2861380,4
2861396,6
2861400,12
2861404,14
2861405,4
2861415,21
2861417,12
2861427,12
2861447,12
2861457,1
2861481,21
2861483,6
2861507,2
2861530,4
2861541,12
2861542,12
2861543,12
2861559,12
2861566,6
2861581,6
2861616,12
2861623,4
2861629,16
2861681,13
2861691,12
2861720,12
2861725,9
2861732,19
2861736,4
2861770,21
2861786,4
2861807,15
2861821,2
2861834,12
2861847,6
2861848,4
2861879,6
2861887,12
2861891,21
2861895,9
2861904,4
2861906,2
2861913,6
2861958,21
2861968,21
2861973,12
2862024,9
2862025,4
2862028,6
2862037,6
2862049,21
2862052,4
2862058,6
2862059,6
2862064,6
2862068,15
2862069,4
2862074,12
2862085,10
2862093,4
2862127,2
2862131,1
2862137,12
2862164,12
2862169,4
2862173,12
2862186,6
2862190,12
2862198,6
2862200,12
2862214,6
2862228,9
2862256,4
2862301,2
2862338,2
2862343,17
2862355,2
2862367,2
2862381,2
2862389,4
2862411,15
2862443,15
2862494,12
2862500,12
2862505,19
2862515,14
2862525,7
2862529,12
2862531,12
2862536,7
2862588,21
2862589,21
2862590,6
2862640,12
2862652,6
2862662,9
2862699,2
2862702,2
2862703,16
2862704,4
2862720,16
2862724,4
2862733,4
2862746,12
2862748,4
2862764,6
2862768,12
2862780,12
2862784,12
2862787,12
2862825,12
2862844,12
2862857,12
2862859,4
2862862,9
2862909,4
2862910,12
2862954,7
2863022,9
2863037,6
2863067,6
2863080,6
2863089,12
2863090,4
2863110,12
2863157,6
2863187,4
2863223,2
2863229,6
2863264,6
2863267,6
2863282,15
2863305,12
2863311,4
2863322,6
2863326,12
2863340,4
2863366,12
2863375,12
2863379,4
2863390,12
2863394,2
2863396,6
2863401,6
2863402,13
2863404,1
2863424,7
2863477,15
2863509,16
2863567,1
2863572,9
2863584,12
2863651,6
2863652,2
2863659,6
2863690,2
2863692,12
2863701,6
2863702,6
2863706,6
2863711,19
2863715,6
2863747,9
2863810,21
2863813,12
2863822,9
2863839,21
2863845,21
2863868,9
2863873,4
2863875,6
2863906,1
2863929,4
2863950,12
2863954,7
2863958,1
2863961,12
2863964,12
2863969,6
2863977,14
2863985,9
2863992,12
2863994,12
2863995,4
2863997,6
2864005,12
2864007,2
2864010,4
2864022,7
2864029,2
2864050,12
2864055,17
2864079,2
2864100,4
2864112,12
2864122,12
2864208,12
2864215,12
2864223,1
2864236,6
2864247,12
2864256,2
2864282,6
2864284,21
2864307,12
2864313,4
2864318,4
2864329,12
2864345,7
2864348,4
2864378,6
2864386,6
2864387,9
2864399,12
2864404,12
2864430,4
2864450,12
2864453,9
2864456,12
2864468,2
2864475,2
2864493,12
2864522,7
2864607,6
2864619,4
2864651,13
2864663,6
2864666,15
2864690,21
2864739,6
2864740,6
2864747,6
2864762,4
2864768,1
2864776,2
2864797,12
2864804,6
2864810,9
2864843,6
2864866,19
2864870,7
2864886,2
2864895,7
2864896,4
2864905,1
2864906,12
2864908,6
2864924,12
2864926,9
2864934,15
2864939,6
2864968,12
2864969,6
2864977,2
2864982,8
2864995,12
2865070,12
2865075,2
2865110,12
2865117,12
2865123,12
2865161,12
2865169,2
2865170,12
2865180,10
2865194,7
2865200,6
2865216,6
2865227,6
2865242,12
2865243,4
2865250,12
2865254,6
2865266,12
2865277,7
2865284,7
2865298,1
2865335,9
2865350,6
2865387,6
2865409,7
2865424,6
2865455,6
2865462,8
2865471,7
2865472,2
2865480,12
2865490,12
2865491,9
2865493,2
2865524,12
2865535,13
2865578,9
2865579,6
2865582,15
2865591,12
2865593,12
2865604,7
2865606,6
2865610,12
2865627,6
2865636,6
2865653,4
2865659,7
2865668,9
2865669,6
2865684,6
2865695,7
2865708,7
2865719,6
2865735,12
2865765,12
2865777,2
2865786,12
2865820,19
2865827,12
2865837,15
2865839,15
2865851,6
2865870,12
2865898,21
2865899,12
2865975,8
2865982,12
2865988,6
2865989,6
2866008,2
2866012,2
2866021,2
2866035,12
2866055,7
2866141,12
2866173,15
2866194,12
2866207,6
2866209,4
2866216,7
2866226,1
2866235,12
2866236,4
2866244,4
2866254,6
2866259,4
2866264,2
2866271,6
2866280,4
2866299,6
2866303,6
2866335,6
2866381,14
2866395,19
2866419,4
2866427,12
2866428,4
2866433,12
2866447,21
2866459,12
2866474,4
2866487,6
2866491,21
2866497,6
2866502,19
2866509,6
2866514,12
2866541,6
2866570,6
2866572,12
2866579,12
2866582,13
2866588,13
2866632,4
2866644,12
2866687,12
2866717,2
2866727,12
2866761,21
2866762,12
2866781,6
2866799,7
2866803,12
2866805,6
2866809,16
2866817,20
2866820,2
2866821,12
2866824,4
2866829,12
2866830,4
2866834,7
2866839,7
2866844,12
2866848,19
2866879,12
2866886,20
2866892,2
2866916,12
2866927,6
2866931,2
2866944,15
2866948,1
2866955,6
2866983,1
2867003,2
2867007,12
2867023,1
2867024,6
2867029,4
2867031,4
2867038,12
2867045,15
2867050,12
2867057,12
2867060,6
2867066,15
2867082,12
2867097,16
2867099,9
2867107,4
2867158,9
2867159,1
2867164,6
2867194,4
2867199,2
2867204,7
2867208,6
2867212,4
2867215,4
2867231,9
2867234,12
2867244,4
2867248,6
2867263,7
2867270,17
2867274,12
2867276,4
2867279,4
2867282,6
2867288,12
2867291,13
2867299,6
2867315,6
2867321,2
2867324,6
2867326,15
2867335,6
2867336,9
2867349,4
2867382,21
2867415,6
2867419,16
2867468,2
2867492,5
2867505,6
2867508,12
2867517,5
2867532,15
2867539,15
2867575,4
2867579,12
2867592,1
2867622,12
2867634,6
2867645,12
2867658,9
2867668,4
2867674,13
2867707,9
2867736,12
2867746,6
2867780,16
2867797,19
2867809,6
2867820,6
2867829,4
2867834,12
2867840,2
2867846,5
2867847,12
2867849,2
2867850,4
2867852,12
2867853,12
2867860,10
2867874,9
2867886,1
2867895,4
2867898,10
2867900,21
2867924,4
2867928,12
2867936,15
2867940,5
2867952,12
2867961,2
2867982,1
2867988,6
2867991,12
2867996,6
2867998,12
2867999,9
2868003,21
2868008,12
2868018,12
2868028,9
2868058,13
2868072,12
2868083,12
2868086,12
2868092,2
2868105,2
2868111,1
2868119,4
2868161,6
2868162,6
2868163,6
2868178,19
2868183,12
2868199,4
2868209,4
2868215,12
2868232,12
2868234,12
2868235,12
2868245,2
2868248,19
2868250,6
2868275,12
2868279,12
2868314,4
2868316,7
2868322,4
2868327,5
2868328,12
2868337,2
2868353,4
2868356,12
2868357,2
2868360,6
2868362,2
2868366,7
2868384,6
2868413,12
2868463,9
2868467,12
2868473,12
2868498,13
2868505,1
2868507,9
2868531,4
2868534,7
2868540,4
2868543,4
2868546,12
2868554,15
2868578,2
2868584,1
2868640,12
2868642,12
2868673,8
2868674,6
2868686,2
2868690,16
2868698,2
2868733,3
2868751,6
2868790,6
2868801,4
2868813,6
2868861,21
2868938,8
2868955,12
2868971,6
2868978,6
2868992,6
2869018,16
2869029,6
2869031,15
2869073,12
2869076,12
2869078,15
2869082,12
2869084,12
2869086,12
2869090,12
2869092,12
2869100,1
2869104,12
2869113,12
2869114,4
2869116,4
2869131,2
2869147,6
2869180,19
2869208,2
2869213,2
2869280,2
2869282,12
2869285,12
2869291,4
2869301,4
2869309,5
2869326,12
2869359,12
2869366,10
2869373,6
2869386,13
2869407,6
2869420,6
2869422,12
2869423,7
2869433,6
2869477,12
2869483,2
2869485,4
2869494,6
2869534,4
2869549,6
2869558,6
2869574,6
2869575,12
2869587,6
2869593,12
2869606,12
2869616,7
2869619,6
2869620,2
2869627,6
2869637,6
2869641,4
2869654,12
2869661,12
2869670,4
2869679,14
2869684,12
2869711,12
2869730,7
2869746,19
2869751,6
2869767,1
2869772,6
2869783,12
2869803,4
2869811,6
2869848,19
2869852,7
2869864,2
2869897,4
2869909,9
2869910,6
2869929,9
2869940,12
2869941,6
2869948,10
2869955,12
2869958,12
2869972,12
2869986,6
2869988,12
2870004,12
2870037,8
2870043,4
2870045,21
2870047,2
2870052,6
2870059,6
2870063,6
2870071,6
2870090,4
2870091,20
2870109,12
2870117,6
2870125,9
2870126,12
2870129,19
2870159,3
2870207,12
2870212,6
2870222,4
2870231,12
2870236,7
2870240,12
2870241,9
2870267,10
2870276,6
2870281,2
2870282,2
2870284,4
2870285,12
2870303,6
2870308,12
2870326,12
2870328,4
2870335,4
2870352,17
2870402,2
2870413,2
2870414,16
2870441,6
2870447,6
2870451,12
2870458,6
2870459,19
2870461,9
2870471,6
2870477,6
2870478,12
2870479,2
2870490,7
2870491,7
2870492,6
2870497,6
2870500,12
2870525,15
2870537,12
2870551,2
2870557,21
2870633,4
2870644,7
2870675,14
2870676,19
2870682,4
2870683,6
2870691,6
2870699,12
2870742,12
2870753,15
2870760,6
2870761,6
2870785,17
2870851,6
2870865,6
2870876,1
2870879,2
2870907,19
2870933,4
2870940,2
2870950,19
2870963,12
2870988,9
2870994,21
2870995,6
2871010,6
2871017,21
2871020,6
2871031,9
2871064,2
2871072,2
2871080,12
2871082,9
2871101,6
2871108,7
2871138,6
2871148,6
2871157,6
2871162,12
2871167,9
2871172,15
2871183,12
2871187,9
2871208,7
2871209,12
2871214,12
2871219,12
2871220,12
2871225,6
2871227,19
2871231,9
2871249,7
2871288,19
2871292,7
2871295,6
2871299,6
2871313,2
2871317,7
2871322,4
2871327,4
2871352,12
2871356,12
2871357,9
2871362,6
2871374,12
2871375,12
2871385,12
2871390,6
2871446,6
2871468,2
2871481,21
2871493,4
2871496,16
2871501,4
2871512,2
2871516,12
2871521,12
2871535,6
2871543,12
2871550,15
2871574,6
2871582,12
2871583,6
2871585,2
2871594,1
2871597,7
2871640,2
2871679,9
2871705,12
2871734,12
2871735,6
2871737,6
2871753,1
2871758,9
2871759,12
2871828,9
2871847,4
2871853,12
2871878,12
2871903,2
2871910,9
2871924,9
2871926,4
2871930,9
2871949,12
2871952,12
2871958,9
2871963,5
2872003,6
2872061,4
2872068,6
2872096,4
2872109,12
2872116,4
2872117,12
2872122,12
2872135,4
2872150,4
2872180,21
2872188,2
2872211,12
2872228,12
2872241,4
2872257,7
2872269,7
2872290,1
2872292,4
2872331,12
2872333,15
2872357,4
2872367,4
2872389,9
2872413,7
2872414,12
2872422,7
2872434,9
2872436,12
2872441,7
2872454,8
2872493,2
2872501,2
2872530,1
2872531,12
2872532,2
2872556,12
2872567,4
2872603,6
2872612,9
2872614,12
2872620,6
2872626,6
2872631,12
2872643,12
2872675,6
2872678,1
2872699,12
2872703,21
2872726,6
2872738,7
2872744,6
2872745,12
2872749,6
2872763,12
2872777,2
2872790,6
2872800,7
2872812,4
2872813,7
2872833,12
2872841,2
2872848,9
2872864,12
2872871,6
2872873,6
2872875,4
2872876,6
2872877,12
2872881,9
2872885,15
2872896,9
2872920,6
2872936,7
2872947,6
2872948,19
2872964,12
2872993,2
2872998,12
2873017,12
2873019,13
2873048,2
2873054,7
2873067,1
2873068,1
2873069,6
2873075,6
2873100,12
2873114,9
2873115,15
2873122,6
2873123,14
2873136,9
2873141,4
2873173,12
2873201,6
2873219,12
2873263,4
2873271,12
2873328,4
2873331,6
2873336,12
2873339,13
2873347,6
2873350,6
2873354,6
2873355,6
2873356,2
2873370,6
2873391,12
2873412,12
2873429,6
2873444,4
2873535,12
2873562,2
2873565,4
2873569,4
2873590,12
2873602,19
2873637,6
2873638,13
2873640,16
2873651,4
2873657,6
2873661,6
2873664,4
2873690,1
2873697,6
2873703,2
2873705,15
2873707,12
2873725,7
2873731,19
2873772,7
2873796,2
2873806,12
2873818,4
2873841,19
2873851,4
2873869,4
2873870,7
2873877,19
2873888,4
2873909,4
2873913,12
2873917,12
2873919,19
2873920,12
2873929,12
2873933,2
2873963,12
2873965,6
2873966,6
2873972,9
2873974,6
2873977,19
2873984,2
2873995,6
2874043,10
2874055,4
2874061,7
2874062,6
2874100,6
2874107,2
2874109,6
2874134,13
2874139,6
2874142,15
2874152,12
2874160,4
2874170,9
2874186,7
2874190,6
2874196,6
2874201,2
2874207,4
2874238,14
2874261,19
2874268,1
2874270,12
2874272,4
2874306,12
2874315,16
2874322,12
2874325,6
2874344,9
2874356,12
2874372,12
2874378,12
2874379,2
2874412,15
2874419,4
2874427,15
2874431,6
2874439,4
2874448,12
2874454,7
2874461,3
2874473,4
2874476,1
2874482,12
2874506,4
2874515,7
2874544,12
2874555,4
2874562,7
2874564,6
2874570,12
2874581,2
2874602,12
2874604,4
2874634,20
2874640,9
2874653,2
2874655,6
2874659,6
2874664,12
2874670,15
2874676,4
2874690,9
2874696,12
2874713,15
2874723,12
2874724,7
2874725,2
2874744,6
2874752,12
2874755,2
2874767,6
2874772,4
2874824,7
2874826,8
2874842,4
2874843,4
2874852,19
2874856,6
2874858,6
2874898,16
2874904,9
2874910,12
2874938,12
2874949,6
2874967,6
2874973,12
2874998,12
2875003,1
2875005,2
2875010,2
2875028,4
2875077,12
2875088,12
2875091,6
2875110,4
2875117,6
2875121,7
2875130,6
2875172,12
2875183,12
2875194,12
2875220,15
2875240,4
2875264,12
2875268,4
2875282,12
2875286,12
2875288,2
2875299,4
2875300,6
2875316,12
2875331,7
2875334,12
2875338,12
2875340,7
2875344,9
2875396,15
2875424,4
2875434,1
2875435,6
2875436,12
2875481,12
2875491,12
2875520,6
2875527,12
2875528,6
2875536,12
2875583,4
2875584,19
2875607,4
2875619,12
2875624,19
2875644,13
2875650,12
2875675,7
2875694,12
2875698,3
2875703,19
2875712,4
2875713,12
2875726,12
2875732,2
2875743,6
2875753,6
2875769,4
2875787,9
2875804,12
2875808,6
2875810,21
2875812,13
2875816,12
2875841,4
2875842,12
2875869,19
2875872,6
2875884,6
2875902,7
2875915,12
2875916,12
2875928,12
2875942,13
2875952,19
2875955,12
2875962,6
2875970,1
2875984,6
2875992,6
2876003,6
2876004,6
2876026,21
2876052,2
2876076,6
2876081,6
2876083,12
2876087,1
2876110,6
2876126,6
2876128,11
2876132,6
2876148,12
2876153,21
2876160,6
2876165,6
2876174,16
2876183,12
2876192,16
2876217,6
2876222,9
2876231,4
2876250,12
2876255,16
2876279,13
2876287,4
2876291,4
2876329,15
2876335,4
2876337,1
2876343,2
2876348,12
2876366,7
2876368,4
2876381,4
2876406,6
2876419,6
2876427,4
2876434,6
2876464,13
2876483,12
2876497,2
2876500,19
2876508,19
2876510,19
2876582,12
2876631,21
2876635,2
2876657,6
2876671,2
2876674,6
2876686,6
2876687,4
2876689,12
2876693,1
2876698,12
2876725,15
2876732,12
2876738,5
2876750,12
2876761,12
2876766,6
2876783,1
2876798,2
2876800,2
2876823,12
2876826,6
2876861,4
2876866,7
2876889,9
2876894,7
2876905,12
2876920,9
2876923,1
2876930,4
2876933,2
2876959,13
2876974,2
2876981,2
2876991,12
2877006,4
2877010,4
2877021,1
2877026,6
2877035,12
2877040,1
2877048,9
2877050,7
2877052,4
2877063,4
2877083,4
2877095,5
2877096,12
2877103,4
2877117,4
2877123,12
2877135,9
2877143,9
2877162,6
2877192,6
2877198,9
2877207,4
2877218,13
2877221,9
2877246,12
2877251,3
2877254,6
2877255,19
2877256,12
2877267,9
2877272,12
2877308,12
2877311,6
2877324,12
2877337,12
2877350,4
2877356,12
2877367,7
2877376,13
2877386,4
2877395,6
2877397,12
2877401,2
2877423,17
2877426,8
2877428,2
2877513,9
2877518,2
2877522,12
2877537,2
2877547,6
2877549,15
2877573,12
2877578,12
2877579,12
2877590,8
2877602,12
2877636,12
2877642,9
2877653,13
2877654,2
2877661,6
2877663,12
2877665,12
2877680,6
2877696,12
2877705,12
2877712,12
2877715,12
2877716,19
2877718,7
2877764,6
2877778,4
2877799,7
2877816,4
2877828,4
2877857,6
2877877,6
2877886,12
2877892,4
2877919,4
2877941,4
2877960,6
2877964,12
2877982,7
2878002,12
2878009,4
2878023,9
2878054,12
2878058,12
2878061,6
2878073,4
2878079,19
2878082,4
2878099,6
2878110,12
2878121,12
2878125,12
2878140,4
2878157,4
2878163,4
2878165,12
2878172,6
2878202,7
2878210,1
2878212,14
2878222,17
2878232,9
2878260,12
2878278,4
2878293,12
2878307,12
2878320,9
2878346,6
2878348,12
2878372,6
2878408,19
2878421,15
2878423,6
2878431,12
2878435,12
2878436,9
2878443,9
2878444,13
2878445,2
2878498,7
2878500,15
2878507,6
2878516,6
2878531,12
2878537,6
2878547,6
2878550,7
2878551,1
2878553,12
2878555,12
2878558,12
2878587,6
2878594,10
2878597,6
2878608,12
2878651,2
2878667,6
2878668,9
2878672,6
2878695,12
2878696,6
2878697,15
2878705,12
2878724,12
2878727,12
2878753,1
2878765,5
2878790,21
2878792,6
2878797,12
2878822,2
2878827,21
2878829,12
2878833,6
2878834,19
2878842,12
2878845,19
2878853,10
2878859,12
2878880,12
2878888,12
2878906,2
2878912,4
2878922,12
2878947,12
2878949,12
2878987,15
2878999,12
2879006,4
2879030,4
2879033,12
2879055,12
2879058,6
2879060,6
2879074,6
2879085,4
2879090,12
2879101,6
2879104,2
2879110,16
2879115,16
2879121,6
2879125,9
2879137,6
2879148,2
2879157,6
2879158,19
2879160,15
2879164,15
2879165,15
2879173,1
2879187,6
2879189,4
2879220,6
2879226,7
2879236,6
2879242,2
2879306,6
2879311,12
2879319,6
2879336,2
2879338,2
2879351,12
2879354,6
2879355,6
2879358,12
2879362,15
2879383,2
2879393,6
2879401,2
2879410,9
2879445,13
2879473,19
2879474,10
2879476,6
2879536,19
2879563,3
2879582,4
2879628,1
2879636,2
2879654,2
2879664,4
2879682,12
2879685,12
2879703,6
2879725,15
2879742,9
2879811,2
2879835,15
2879855,8
2879866,2
2879869,9
2879874,2
2879884,7
2879902,7
2879927,12
2879951,15
2879984,13
2880010,16
2880011,4
2880014,12
2880024,9
2880031,9
2880032,17
2880041,16
2880104,19
2880128,4
2880152,12
2880169,6
2880210,12
2880233,6
2880240,9
2880274,19
2880281,12
2880300,16
2880301,4
2880327,12
2880340,12
2880345,12
2880359,9
2880383,12
2880420,6
2880424,6
2880435,6
2880445,16
2880464,6
2880473,7
2880504,12
2880507,6
2880512,4
2880517,15
2880524,15
2880536,9
2880573,7
2880576,4
2880587,7
2880667,6
2880669,12
2880673,12
2880704,6
2880707,8
2880733,4
2880741,6
2880749,9
2880752,12
2880772,1
2880779,21
2880820,15
2880826,21
2880828,21
2880829,12
2880842,4
2880856,5
2880879,9
2880886,6
2880888,12
2880891,7
2880892,7
2880895,5
2880898,4
2880900,12
2880926,2
2880932,6
2880938,6
2880947,4
2880948,7
2880951,12
2880961,4
2880962,8
2880967,4
2880975,5
2880977,12
2880987,4
2880990,7
2880994,12
2881003,6
2881013,7
2881047,6
2881072,3
2881089,4
2881091,6
2881099,12
2881101,12
2881104,12
2881106,4
2881132,4
2881135,6
2881216,3
2881217,9
2881229,12
2881259,4
2881276,2
2881297,16
2881303,12
2881305,19
2881309,18
2881313,4
2881318,12
2881349,4
2881351,12
2881355,6
2881380,4
2881385,6
2881459,12
2881460,12
2881468,12
2881481,7
2881497,4
2881499,6
2881512,2
2881513,12
2881516,7
2881517,7
2881537,7
2881538,12
2881542,7
2881549,6
2881573,4
2881594,12
2881596,19
2881616,12
2881618,2
2881635,15
2881658,12
2881721,12
2881729,6
2881744,2
2881764,4
2881772,2
2881796,12
2881807,10
2881809,6
2881815,12
2881817,4
2881827,6
2881828,12
2881841,12
2881843,12
2881853,1
2881863,4
2881877,6
2881880,12
2881887,12
2881897,6
2881900,2
2881904,6
2881966,4
2882014,12
2882017,4
2882027,4
2882076,6
2882077,9
2882082,12
2882122,12
2882125,9
2882166,19
2882169,12
2882190,12
2882201,6
2882205,6
2882301,4
2882312,6
2882325,12
2882343,6
2882358,6
2882359,12
2882379,12
2882419,12
2882444,1
2882452,19
2882485,13
2882548,6
2882555,12
2882576,6
2882579,12
2882581,1
2882621,6
2882628,10
2882634,16
2882671,4
2882674,9
2882718,6
2882720,6
2882725,6
2882735,21
2882737,1
2882751,4
2882782,12
2882784,6
2882788,4
2882808,12
2882811,15
2882818,4
2882826,9
2882838,7
2882841,12
2882846,8
2882857,7
2882872,12
2882877,5
2882903,7
2882973,9
2882990,4
2883010,7
2883012,4
2883014,12
2883032,13
2883046,12
2883072,6
2883078,19
2883091,6
2883111,15
2883118,6
2883121,12
2883148,9
2883150,12
2883183,2
2883197,4
2883210,9
2883215,7
2883228,12
2883230,9
2883232,9
2883240,9
2883244,15
2883250,12
2883260,2
2883265,6
2883284,12
2883293,8
2883342,9
2883352,12
2883357,9
2883360,12
2883363,12
2883380,4
2883390,12
2883399,7
2883403,12
2883421,12
2883426,1
2883451,12
2883465,15
2883469,1
2883510,19
2883526,12
2883533,15
2883535,15
2883549,6
2883555,12
2883572,4
2883586,4
2883598,4
2883602,6
2883603,10
2883617,15
2883655,4
2883713,9
2883762,6
2883764,15
2883779,4
2883807,12
2883817,9
2883856,6
2883882,12
2883884,12
2883891,6
2883893,12
2883901,21
2883910,12
2883913,12
2883919,9
2883931,4
2883941,12
2883947,2
2883963,6
2883966,7
2883978,12
2883988,6
2883990,1
2884021,19
2884029,4
2884062,4
2884102,7
2884109,12
2884120,7
2884148,2
2884149,4
2884157,7
2884162,6
2884164,12
2884177,3
2884193,5
2884195,4
2884196,5
2884221,6
2884252,4
2884263,12
2884275,4
2884287,6
2884312,12
2884321,6
2884336,9
2884337,6
2884343,12
2884365,7
2884381,2
2884413,12
2884423,1
2884430,4
2884447,4
2884451,6
2884459,12
2884493,9
2884505,1
2884506,12
2884517,12
2884522,12
2884524,4
2884545,12
2884546,12
2884553,12
2884565,9
2884576,12
2884587,12
2884593,1
2884598,12
2884599,12
2884604,9
2884618,6
2884635,4
2884643,19
2884665,12
2884682,4
2884708,16
2884709,19
2884724,4
2884747,12
2884755,7
2884784,9
2884792,19
2884796,12
2884847,4
2884861,12
2884863,4
2884867,21
2884875,3
2884902,12
2884903,2
2884916,6
2884933,19
2884935,14
2884958,12
2884965,12
2884982,6
2884997,4
2885000,14
2885015,12
2885036,9
2885065,4
2885096,6
2885099,12
2885101,6
2885103,2
2885111,7
2885145,6
2885149,12
2885158,4
2885160,12
2885178,19
2885198,9
2885213,12
2885219,16
2885250,6
2885273,9
2885284,6
2885299,12
2885329,9
2885355,4
2885360,4
2885362,4
2885371,19
2885373,6
2885374,19
2885383,2
2885395,12
2885397,12
2885433,2
2885449,6
2885456,7
2885466,4
2885467,12
2885473,9
2885481,6
2885505,7
2885509,6
2885518,6
2885563,15
2885584,5
2885596,2
2885605,6
2885606,12
2885608,7
2885626,4
2885632,6
2885634,12
2885646,9
2885660,12
2885661,15
2885666,6
2885667,7
2885676,6
2885684,12
2885690,12
2885705,12
2885717,12
2885738,12
2885740,6
2885768,4
2885775,1
2885777,2
2885779,15
2885793,7
2885805,4
2885818,4
2885825,4
2885829,7
2885880,12
2885902,10
2885919,12
2885922,4
2885930,9
2885932,12
2885941,5
2885956,19
2885957,12
2885975,12
2885983,12
2885985,6
2885986,12
2885988,6
2886001,4
2886003,6
2886013,2
2886015,19
2886043,12
2886081,6
2886100,19
2886110,4
2886119,4
2886127,6
2886128,6
2886164,12
2886166,7
2886168,4
2886172,6
2886231,5
2886244,2
2886271,15
2886278,4
2886280,12
2886289,12
2886291,12
2886321,9
2886341,4
2886355,6
2886358,9
2886380,4
2886420,12
2886424,10
2886431,6
2886438,19
2886457,12
2886466,6
2886481,13
2886484,19
2886487,12
2886505,4
2886509,2
2886523,6
2886565,4
2886566,6
2886568,19
2886596,12
2886597,7
2886608,12
2886613,6
2886624,6
2886625,12
2886626,12
2886633,12
2886637,1
2886645,12
2886646,6
2886652,4
2886664,12
2886683,9
2886684,4
2886695,4
2886701,19
2886706,16
2886710,4
2886717,13
2886719,1
2886753,12
2886787,4
2886819,3
2886839,20
2886841,12
2886842,6
2886845,4
2886854,16
2886880,12
2886890,12
2886928,6
2886947,6
2886948,6
2886961,8
2886966,4
2886970,6
2886984,8
2886996,4
2887000,12
2887001,12
2887003,6
2887029,6
2887030,7
2887057,12
2887067,9
2887070,4
2887072,6
2887076,8
2887093,4
2887116,6
2887137,16
2887138,6
2887170,12
2887175,4
2887228,12
2887237,6
2887238,7
2887243,6
2887245,7
2887259,12
2887268,4
2887279,4
2887297,13
2887303,4
2887305,21
2887328,12
2887333,4
2887334,6
2887350,18
2887360,12
2887363,7
2887364,18
2887375,2
2887379,15
2887384,6
2887387,12
2887406,12
2887429,6
2887431,7
2887452,7
2887482,6
2887486,12
2887533,12
2887538,2
2887539,2
2887542,2
2887574,6
2887580,12
2887582,6
2887635,4
2887646,6
2887661,9
2887666,2
2887668,4
2887679,12
2887681,4
2887685,4
2887696,4
2887700,9
2887725,4
2887736,12
2887739,4
2887742,12
2887765,6
2887769,7
2887823,12
2887846,21
2887863,2
2887873,4
2887881,4
2887897,12
2887925,6
2887933,9
2887956,4
2887958,4
2887959,1
2887961,15
2887967,12
2887977,4
2887985,4
2888017,5
2888018,6
2888046,4
2888053,6
2888054,21
2888091,4
2888107,12
2888111,12
2888153,21
2888154,2
2888162,4
2888165,12
2888185,6
2888196,6
2888198,12
2888211,6
2888213,12
2888220,6
2888233,20
2888282,4
2888283,12
2888292,6
2888299,20
2888301,12
2888303,12
2888304,4
2888305,20
2888306,12
2888309,12
2888340,12
2888343,6
2888351,7
2888371,12
2888410,4
2888439,12
2888453,12
2888458,15
2888465,6
2888478,12
2888497,12
2888507,1
2888510,12
2888530,14
2888556,12
2888579,8
2888585,4
2888588,16
2888619,6
2888644,2
2888650,5
2888664,6
2888667,12
2888668,4
2888700,13
2888705,12
2888717,12
2888722,12
2888723,9
2888732,6
2888759,7
2888760,21
2888766,16
2888799,12
2888802,9
2888808,1
2888813,2
2888822,21
2888823,12
2888827,4
2888830,13
2888848,21
2888850,6
2888855,16
2888866,6
2888885,6
2888888,13
2888890,9
2888902,12
2888917,12
2888920,9
2888930,6
2888931,9
2888951,12
2888956,12
2888983,12
2889012,6
2889014,12
2889017,4
2889029,12
2889035,4
2889045,6
2889050,12
2889063,4
2889083,4
2889101,8
2889106,9
2889122,12
2889128,15
2889130,6
2889149,12
2889156,12
2889183,19
2889189,6
2889199,6
2889224,1
2889227,6
2889231,12
2889241,9
2889318,9
2889321,15
2889326,12
2889329,12
2889338,12
2889343,4
2889345,12
2889351,4
2889353,9
2889369,4
2889386,12
2889408,12
2889412,12
2889418,19
2889419,8
2889433,1
2889457,4
2889523,1
2889525,12
2889533,6
2889554,8
2889558,12
2889560,6
2889579,6
2889581,2
2889582,2
2889583,16
2889594,4
2889599,20
2889602,20
2889606,6
2889639,7
2889645,6
2889646,4
2889650,12
2889652,3
2889696,2
2889698,12
2889713,2
2889715,4
2889727,19
2889734,7
2889742,12
2889751,6
2889753,9
2889776,4
2889778,6
2889797,6
2889800,6
2889803,12
2889805,6
2889841,4
2889844,12
2889894,2
2889942,6
2889958,4
2889972,6
2889997,12
2890031,12
2890033,12
2890035,15
2890043,5
2890054,6
2890056,6
2890061,6
2890070,2
2890078,12
2890079,6
2890113,6
2890114,12
2890132,13
2890135,6
2890162,1
2890170,15
2890171,4
2890178,16
2890181,4
2890194,4
2890204,12
2890206,21
2890241,6
2890244,12
2890252,6
2890262,6
2890289,12
2890315,4
2890346,2
2890351,3
2890356,12
2890359,12
2890371,12
2890377,6
2890386,4
2890388,6
2890399,6
2890426,4
2890432,12
2890433,4
2890507,4
2890512,12
2890569,2
2890585,1
2890590,12
2890607,4
2890610,12
2890612,4
2890618,12
2890631,12
2890641,1
2890643,12
2890650,12
2890655,6
2890760,4
2890772,12
2890779,6
2890791,19
2890796,12
2890802,9
2890805,6
2890829,12
2890845,6
2890850,6
2890866,18
2890882,12
2890888,2
2890910,2
2890915,9
2890967,4
2890969,20
2890971,13
2890974,20
2890982,20
2890984,20
2890987,7
2890989,21
2890992,4
2890995,6
2890999,6
2891001,6
2891007,6
2891011,21
2891022,7
2891040,2
2891048,6
2891063,12
2891085,4
2891093,12
2891100,6
2891104,4
2891133,21
2891135,12
2891146,20
2891153,20
2891170,7
2891174,12
2891194,9
2891206,4
2891213,7
2891217,7
2891261,12
2891304,11
2891313,7
2891342,20
2891350,6
2891352,6
2891354,6
2891356,12
2891370,15
2891377,6
2891380,12
2891389,2
2891402,12
2891404,2
2891441,9
2891457,4
2891460,12
2891477,2
2891482,6
2891498,12
2891506,6
2891522,4
2891529,12
2891532,4
2891541,12
2891547,13
2891553,19
2891560,12
2891562,12
2891604,4
2891612,7
2891620,2
2891660,12
2891670,12
2891673,13
2891685,4
2891701,12
2891703,4
2891705,6
2891710,4
2891711,9
2891729,7
2891787,16
2891812,6
2891815,6
2891825,4
2891852,3
2891854,15
2891896,6
2891902,2
2891908,15
2891920,6
2891927,4
2891931,17
2891937,2
2891940,12
2891955,7
2891957,19
2891962,6
2891965,2
2891996,7
2892007,4
2892009,4
2892019,6
2892028,4
2892044,4
2892076,1
2892102,6
2892252,4
2892254,10
2892276,6
2892566,12
2892580,12
2892581,6
2892615,21
2892625,13
2893718,1
2893775,2
2893794,6
2893798,7
2893810,6
2893815,6
2893818,6
2893821,20
2893825,4
2894172,2
2894173,9
2894176,4
2894178,6
2894180,6
2894244,12
2894282,9
2894737,9
2894886,12
2895193,7
2896029,6
2896854,7
2896859,7
2897102,7
2898344,19
2898349,6
2898913,6
2901175,12
2901176,21
2901183,7
2901184,12
2901188,2
2901196,7
2901202,7
2901209,6
2901219,1
2901339,6
2901360,6
2901748,6
2901750,1
2901754,6
2901777,6
2901784,15
2902174,12
2902182,12
2902192,6
2902203,12
2902860,1
2902864,6
2902878,20
2903321,9
2903323,12
2903330,19
2903404,1
2903777,9
2904184,4
2904185,10
2904196,4
2904273,4
2904980,2
2905809,7
2908782,6
2909099,12
2909105,4
