USSCIDN,AGE,SENTTOT,ECON_OFF_TYPE
2828347,56,24,6
2828351,72,72,1
2828376,41,64,6
2828534,59,15,2
2828538,55,15,2
2828540,49,52,12
2828541,37,21.52,21
2828543,25,24,9
2828553,48,20,12
2828568,29,10,12
2828603,25,24,12
2828622,33,72,12
2828643,35,24,4
2828932,48,21,6
2828936,31,8,6
2828957,53,87,19
2829073,32,36,7
2829104,54,36,6
2829119,29,51,7
2829127,40,62,7
2829133,32,1.69,7
2829138,35,8,12
2829154,26,6,10
2829180,25,6,19
2829182,43,52,7
2829197,69,36,4
2829258,38,51,4
2829338,60,30,6
2829356,55,36,2
2829391,36,27,4
2829412,29,64,7
2829425,46,11.83,12
2829447,37,4,12
2829469,48,12.03,6
2829483,41,48,1
2829510,67,0.03,12
2829597,54,41,6
2829610,65,84,2
2829619,53,4,12
2829629,70,48,2
2829645,47,24,13
2829668,67,120,15
2829681,58,14,12
2829695,48,11.83,12
2829710,44,42,6
2829720,35,16,6
2829728,37,21,4
2829736,50,60,4
2829748,39,6,14
2829765,27,24.89,4
2829793,44,60,17
2829904,25,210,4
2829908,43,14,2
2829913,66,60,16
2829924,29,151,16
2829933,37,151,16
2829946,24,49,9
2829969,38,13.69,7
2829986,70,0.03,4
2830012,34,60,4
2830100,31,18,6
2830118,34,0.03,6
2830195,65,3,12
2830240,39,6,4
2830258,52,18,12
2830274,42,12.03,6
2830294,72,1,19
2830348,57,30,6
2830360,31,0.03,4
2830425,49,0.03,14
2830453,21,18,12
2830469,27,9,12
2830477,36,4,6
2830520,77,12.03,4
2830525,36,54,7
2830567,59,30,14
2830582,36,32,6
2830632,52,36,1
2830679,45,0.03,6
2830689,59,65,8
2830690,50,33,1
2830707,51,33,6
2830711,66,12.03,2
2830716,30,57,7
2830723,62,48,4
2830742,55,0.03,6
2830750,60,12.03,6
2830754,24,36,7
2830801,51,6,6
2830826,26,6,9
2830832,46,33,4
2830853,28,18,9
2830863,55,12.03,6
2830864,29,12.03,6
2830915,57,84,15
2830916,43,46,15
2830919,65,40,6
2831028,35,0.03,4
2831031,30,0.03,4
2831073,59,24,13
2831077,61,12.03,13
2831114,31,97,6
2831124,34,48,12
2831131,59,51,1
2831134,35,0.03,4
2831205,40,40,20
2831217,26,14,9
2831276,39,18,6
2831281,33,87,2
2831282,51,68,2
2831286,70,13,12
2831287,40,46,15
2831294,37,42,4
2831296,37,48,4
2831298,40,2,12
2831318,50,72,7
2831337,36,30,13
2831345,45,1.71,4
2831380,52,42,14
2831389,32,6,16
2831390,36,75,7
2831392,23,18,4
2831395,44,12.03,7
2831430,58,20,4
2831469,33,20,6
2831473,55,75,12
2831479,38,15,12
2831484,47,12.03,12
2831502,45,18,4
2831510,52,0.03,6
2831535,48,24,4
2831616,30,66,1
2831642,52,12.03,6
2831700,39,60,12
2831725,32,0.03,12
2831751,61,48,2
2831761,39,30,12
2831762,40,12.03,2
2831805,45,0.03,6
2831810,68,108,2
2831816,66,42,2
2831823,47,12.03,12
2831829,35,36,4
2831834,41,18,12
2831840,58,52,2
2831865,55,0.07,12
2831866,52,60,12
2831871,44,18,6
2831905,38,10,4
2831912,42,30,12
2831918,40,10,1
2831926,51,6,6
2831959,54,0.23,12
2831986,58,12.03,4
2831989,71,12.03,4
2831991,24,65,4
2832002,32,0.03,6
2832032,50,36,6
2832114,69,24,2
2832118,26,24.03,6
2832122,29,8,9
2832125,45,12.03,4
2832150,28,51,6
2832161,55,12.03,13
2832219,41,12.03,12
2832223,29,39,7
2832227,40,87,15
2832230,20,30,10
2832232,37,0.03,6
2832237,34,5,6
2832246,50,6,6
2832310,44,60,16
2832384,25,14,6
2832387,22,26,6
2832417,52,53,21
2832453,41,27,12
2832470,33,48,4
2832479,42,10,21
2832492,26,61,7
2832501,51,204,6
2832554,54,80,6
2832583,34,10.2,12
2832584,28,16,9
2832636,27,0.03,4
2832643,43,24,6
2832673,48,30,7
2832696,38,110,13
2832699,29,0.03,19
2832704,55,24,15
2832720,29,0.03,4
2832742,32,18,4
2832749,53,12.03,21
2832752,60,12.03,21
2832759,53,125,19
2832769,21,24,6
2832839,34,6,4
2832870,57,30,12
2832871,28,13,12
2832913,47,120,7
2832954,33,104,2
2832977,47,0.07,4
2832980,62,13,12
2832994,31,42,7
2833013,62,0.03,6
2833026,54,90,2
2833057,39,60,4
2833062,37,36,1
2833113,57,0.03,9
2833115,36,30,4
2833147,59,60,15
2833190,43,4,19
2833199,64,36,4
2833206,29,22,6
2833207,28,6,6
2833208,49,18,6
2833222,31,6,6
2833245,50,30,6
2833278,40,25,2
2833287,58,70,12
2833295,34,31,4
2833304,52,6,12
2833340,40,51,2
2833391,32,27,12
2833408,51,4,12
2833410,54,4,12
2833435,63,0.03,3
2833436,70,0.03,3
2833444,33,0.03,6
2833451,44,0.03,8
2833464,52,21,8
2833468,28,12,4
2833471,55,3.32,4
2833491,39,6,12
2833524,43,37,4
2833543,36,12.03,6
2833550,27,11.99,4
2833569,43,15,15
2833581,59,14,2
2833626,52,41,16
2833648,35,0.07,4
2833673,21,24,9
2833682,26,2,12
2833706,46,30,14
2833715,42,0.03,4
2833739,28,33,4
2833748,52,12.03,16
2833769,42,70,2
2833790,28,44,4
2833798,29,12.03,19
2833811,48,64,4
2833829,41,16,4
2833876,45,12,2
2833942,58,120,6
2833948,30,30,4
2833952,47,90,4
2833969,58,24,16
2833975,22,24,9
2833982,61,3,1
2833993,35,56,12
2834010,47,0.03,6
2834022,64,12.03,12
2834114,41,2.96,12
2834145,59,10,8
2834150,46,31.23,12
2834162,64,24,6
2834187,37,0.07,4
2834203,21,15,4
2834293,70,97,4
2834295,44,24,5
2834358,52,4,5
2834371,45,57,6
2834400,49,0.03,8
2834403,35,28,4
2834414,38,80,4
2834419,48,41,8
2834435,69,33,12
2834457,46,25,4
2834535,48,128,15
2834545,53,25,1
2834559,51,30,12
2834560,51,0.03,20
2834575,50,0.03,1
2834589,27,84,1
2834618,51,12.03,1
2834641,67,5.43,21
2834719,35,46,15
2834732,48,12.03,12
2834736,26,39,4
2834770,33,65,7
2834823,36,60,7
2834832,33,24,4
2834845,45,36,12
2834847,28,24,10
2834849,23,18,9
2834853,46,60,12
2834855,46,0.99,6
2834865,51,130,8
2834883,25,7,21
2834892,32,24,12
2834895,41,60,1
2834906,27,12.03,12
2834912,62,15,12
2834932,46,35,1
2834944,39,46,4
2834981,56,51,15
2835005,36,24,12
2835028,28,4.13,20
2835030,40,0.03,4
2835041,50,0.03,12
2835072,60,96,1
2835076,62,168,1
2835090,28,6,6
2835102,49,62,6
2835126,64,60,2
2835148,52,24,16
2835159,43,34,1
2835161,40,0.13,2
2835203,64,27,1
2835228,48,12.03,12
2835231,47,12.03,6
2835240,66,12.03,21
2835245,32,16,4
2835318,73,18,12
2835382,24,21,6
2835410,51,12,12
2835463,67,27,5
2835483,34,15,6
2835508,25,8,12
2835518,50,51,12
2835545,25,15,12
2835550,30,33,4
2835556,28,0.1,6
2835581,36,54,15
2835618,46,15,5
2835642,34,30,4
2835656,48,36,4
2835689,67,33,4
2835698,65,37,5
2835717,48,21,6
2835729,40,10,6
2835744,39,68,6
2835748,41,65,2
2835764,56,18,12
2835782,45,18,4
2835797,44,30,12
2835806,35,18,7
2835817,30,0.03,4
2835818,54,10,12
2835825,35,0.03,4
2835853,34,0.03,12
2835864,45,72,15
2835883,25,76,6
2835896,63,6,4
2835919,33,120,6
2835950,53,0.03,12
2835962,44,33,4
2835972,32,24,4
2835994,33,48,12
2836015,38,34,8
2836035,55,2,12
2836039,48,24,2
2836061,41,192,15
2836088,53,36,6
2836101,23,48,4
2836113,44,70,6
2836151,42,12.03,2
2836175,33,38,7
2836222,62,30,15
2836258,38,72,7
2836264,29,24,12
2836282,48,56,2
2836318,29,48,4
2836361,32,8.56,4
2836385,45,15,14
2836423,45,18,1
2836487,64,12.03,12
2836491,45,18,12
2836498,41,12.03,6
2836533,65,22,8
2836588,39,30,4
2836589,26,90,4
2836592,40,41,6
2836595,63,63,1
2836602,44,6,12
2836603,37,6,12
2836609,30,68,6
2836611,31,3.95,4
2836619,41,6,6
2836651,44,0.03,2
2836667,70,13,6
2836718,81,24,1
2836728,33,38,2
2836732,50,0.03,12
2836747,43,33,4
2836755,45,10,12
2836760,53,9.66,5
2836852,69,41,13
2836858,34,84,4
2836868,76,42,1
2836921,38,97,12
2836929,54,36,6
2837045,52,41,12
2837077,35,0.03,4
2837081,32,27,8
2837122,40,0.03,3
2837176,31,18,7
2837199,30,3,12
2837254,36,18,7
2837277,58,48,4
2837315,31,6,12
2837379,34,10.13,9
2837386,41,33,12
2837432,53,33,14
2837435,67,3,12
2837504,53,0.03,2
2837529,41,3,2
2837537,57,18,2
2837644,40,12.03,12
2837670,40,21.16,4
2837675,34,84,7
2837690,55,37,2
2837711,40,0.03,14
2837726,43,36,15
2837745,52,80,7
2837747,47,0.03,1
2837753,55,24,12
2837775,48,33,13
2837843,56,18,6
2837848,57,27,1
2837857,48,188,1
2837861,27,32,12
2837869,38,12,7
2837879,31,33,8
2837883,47,18,7
2837887,35,0.26,4
2837947,23,18,9
2837950,45,5,6
2837956,72,27,1
2837975,79,12,1
2837976,34,45,6
2837984,38,41,6
2837991,55,5.72,19
2838003,56,4,2
2838005,64,42,4
2838108,21,36,15
2838115,27,51,4
2838116,42,14.33,4
2838133,31,48,4
2838135,49,2,2
2838175,69,8,1
2838179,56,36,12
2838184,47,30,13
2838188,49,0.03,4
2838190,67,0.03,6
2838211,63,56,20
2838219,43,30,20
2838270,54,9,12
2838312,55,12.03,12
2838320,51,18,12
2838340,65,45,6
2838354,35,12.03,9
2838357,28,30,4
2838362,28,12,9
2838406,33,36.03,7
2838426,31,48,2
2838447,54,24,16
2838451,28,78,7
2838496,24,0.03,4
2838499,38,61,4
2838504,25,0.03,4
2838514,53,48,2
2838529,36,48,2
2838534,29,18,9
2838542,44,0.33,6
2838545,40,27,6
2838579,23,24.03,7
2838583,31,28,7
2838611,24,20,12
2838621,36,12.03,1
2838634,37,96,4
2838662,58,87,1
2838679,42,42,4
2838680,43,0.03,2
2838725,44,45,7
2838728,25,96,10
2838750,37,0.03,4
2838763,20,9,12
2838772,52,18,12
2838780,35,3,12
2838820,43,12.03,6
2838822,35,30,12
2838829,57,27,12
2838843,34,48,12
2838844,33,18,12
2838856,33,130,7
2838895,32,33,6
2838900,25,45,4
2838945,61,18,12
2838958,26,36,4
2838961,44,27,12
2839028,45,33,4
2839040,38,18,6
2839048,23,18,12
2839057,35,0.03,4
2839063,37,4.76,21
2839076,70,12.03,6
2839094,58,33,12
2839096,36,27,13
2839114,43,25,7
2839115,29,14,6
2839130,33,30,9
2839143,34,20,16
2839150,32,72,15
2839158,56,0.99,12
2839172,35,15,9
2839196,34,15,4
2839205,33,10,12
2839207,27,72,4
2839221,25,12.03,4
2839277,37,9,4
2839287,50,15,6
2839292,36,6,4
2839317,54,12.03,2
2839325,38,8,6
2839332,35,16,12
2839389,46,12,2
2839390,55,12.03,2
2839399,59,17.2,12
2839416,65,32,12
2839417,48,12.03,6
2839443,45,0.03,4
2839446,35,24,4
2839464,37,6,4
2839466,49,3,6
2839496,54,26,15
2839498,55,24,12
2839499,52,21,6
2839508,39,26,12
2839537,31,12.03,12
2839560,57,24,18
2839567,27,0.03,4
2839584,32,24.39,12
2839624,44,18,12
2839645,53,71,2
2839677,46,36,15
2839681,50,30,3
2839684,26,6,4
2839707,25,0.03,6
2839709,43,0.03,15
2839727,44,97,1
2839736,38,77,4
2839748,38,18,1
2839757,53,0.03,6
2839769,53,12.03,6
2839778,58,6,5
2839781,49,21,8
2839789,69,42,13
2839805,24,15.66,21
2839806,33,8,20
2839851,28,0.03,12
2839871,52,18,6
2839882,48,30,2
2839916,68,65,7
2839936,62,37,12
2840051,55,27,4
2840054,27,41,6
2840060,44,14,2
2840061,53,1.97,2
2840118,53,46,2
2840126,28,0.99,12
2840181,46,124,7
2840183,60,48,2
2840186,32,6,12
2840204,38,6,2
2840205,45,15,2
2840214,61,6,6
2840217,30,62,6
2840222,41,12.03,16
2840226,59,1,6
2840228,59,7.66,12
2840274,72,19.59,4
2840283,36,44,6
2840370,30,24,2
2840381,49,13,4
2840384,50,33,4
2840392,27,12,6
2840408,50,0.03,4
2840412,67,6,5
2840424,34,18,12
2840426,32,0.03,12
2840450,36,21,15
2840453,66,0.03,12
2840465,59,0.03,4
2840466,36,5,21
2840481,55,24,6
2840513,36,21,15
2840527,31,20,9
2840538,36,63,6
2840569,69,50,4
2840573,63,70,4
2840587,34,68,7
2840599,45,18,4
2840638,33,12.03,12
2840651,51,12.03,6
2840681,41,36,21
2840715,42,60,4
2840722,36,5,6
2840754,28,32,7
2840799,55,6,6
2840807,30,120,1
2840827,51,15,6
2840830,33,0.03,12
2840832,33,87,4
2840847,33,57,4
2840866,60,48,1
2840873,35,21,12
2840875,38,41,12
2840876,34,12,12
2840886,70,21,20
2840929,34,87,7
2840953,35,14,12
2840955,32,12.16,15
2840981,30,66,12
2841003,45,54,2
2841019,32,16,9
2841027,42,15,4
2841080,41,33,4
2841119,32,36,12
2841128,56,60,4
2841151,39,30,4
2841154,42,27,6
2841157,31,41,12
2841161,37,0.03,12
2841195,44,24,6
2841213,43,0.03,15
2841219,28,15,4
2841282,22,24,10
2841288,44,0.03,19
2841290,44,24,8
2841294,44,6,21
2841303,60,0.03,2
2841304,58,24,17
2841314,45,37,2
2841356,42,24,6
2841410,31,62,4
2841421,41,60,12
2841443,32,12.03,4
2841512,35,15,6
2841519,43,4,6
2841529,24,7,4
2841533,63,25,12
2841551,40,9.62,4
2841552,64,37,6
2841589,37,59,7
2841590,23,16,12
2841605,39,45,6
2841651,34,14,12
2841661,47,30,15
2841692,42,12.03,2
2841705,55,0.03,4
2841708,41,18,21
2841718,44,12.03,2
2841727,47,0.03,6
2841729,35,8,12
2841736,44,27,4
2841743,38,36,3
2841747,25,1.62,19
2841896,57,12.03,6
2841909,19,1,9
2841914,63,12.03,12
2841941,34,8.89,4
2841944,39,6,4
2841952,55,1,6
2841969,47,0.03,6
2841977,29,30,12
2841983,55,0.03,15
2841986,47,33,20
2842002,58,0.03,12
2842032,45,17,1
2842038,53,0.23,3
2842039,56,0.03,3
2842043,34,61,7
2842050,49,32,1
2842054,38,24,10
2842086,45,34,4
2842089,30,48,4
2842150,73,21,12
2842159,43,0.03,12
2842165,43,4.43,21
2842168,35,0.03,20
2842213,32,102,7
2842222,37,10,9
2842228,49,21,12
2842240,38,27,10
2842241,39,0.03,4
2842245,31,61.69,4
2842305,48,60,14
2842317,53,36,2
2842320,51,33,12
2842325,44,20,12
2842411,44,6,6
2842439,51,6,9
2842456,40,6,9
2842470,39,55,12
2842503,43,41,6
2842507,45,15,12
2842514,31,37,6
2842522,61,17,6
2842536,32,57,6
2842553,31,24,6
2842605,38,92,3
2842620,27,53,7
2842638,40,30,2
2842643,52,24,12
2842664,44,6,6
2842668,23,8.53,12
2842684,56,5,12
2842685,47,6,6
2842712,30,30,12
2842720,47,71,12
2842735,27,0.03,9
2842748,72,2,14
2842751,35,21,4
2842757,22,21,20
2842766,61,6,14
2842777,51,0.13,4
2842803,51,4,16
2842809,67,15,12
2842812,37,12.03,12
2842819,29,60,10
2842823,31,41,4
2842834,66,0.1,12
2842841,39,6,12
2842846,28,8,4
2842851,42,33,6
2842857,66,12.03,2
2842858,39,12.03,6
2842863,26,12.95,9
2842884,29,23.59,14
2842896,65,37,2
2842930,39,70,7
2842934,35,0.1,10
2842935,23,40,9
2842936,23,27,9
2842941,72,27,2
2842943,36,80,1
2842949,43,12.03,3
2842963,29,5.46,6
2842969,21,24,9
2843011,31,12.03,2
2843018,33,0.03,6
2843022,76,46,2
2843024,57,12.03,6
2843030,43,0.99,6
2843042,31,94,4
2843044,51,57,13
2843054,29,81,7
2843057,35,0.03,9
2843059,40,5.75,19
2843060,46,12.03,2
2843070,29,48,13
2843078,50,30,15
2843080,51,108,7
2843083,42,12.03,2
2843089,23,27,6
2843094,32,31,6
2843097,38,0.03,9
2843114,37,51,10
2843134,72,0.03,12
2843135,42,21,12
2843140,48,18,12
2843230,44,3,12
2843231,41,1,6
2843245,57,102,7
2843277,39,47,7
2843279,60,0.03,15
2843290,37,30,7
2843300,29,1.97,7
2843310,41,0.03,1
2843327,32,12.03,12
2843347,59,60,7
2843357,58,24,12
2843358,46,37,12
2843372,64,33,12
2843403,36,18,19
2843404,44,30,2
2843441,41,36,1
2843446,54,6,13
2843451,32,56,9
2843457,35,46,12
2843472,46,0.03,14
2843473,56,30,4
2843481,46,0.46,9
2843485,35,0.03,4
2843487,41,12.16,12
2843489,45,81,4
2843503,45,27,20
2843523,51,36,16
2843546,66,36,16
2843547,63,57,13
2843585,24,2.16,19
2843617,37,6.34,4
2843624,33,2,12
2843626,54,84,15
2843640,44,10,2
2843645,43,10,2
2843670,49,15,12
2843681,60,46,12
2843684,30,97,15
2843687,69,35,3
2843696,48,46,6
2843699,38,36,12
2843708,43,0.03,9
2843766,58,41.85,4
2843782,32,24,12
2843796,48,6,21
2843804,46,0.03,12
2843829,52,84,7
2843853,32,21,4
2843855,40,14,12
2843856,36,78,4
2843868,27,54,4
2843892,27,61,4
2843924,30,7.56,12
2843944,65,0.03,4
2843947,70,0.03,1
2843948,61,97,4
2843959,24,36,12
2843991,35,35,20
2844021,34,40,4
2844041,31,30,7
2844048,27,27,12
2844049,37,61,12
2844054,26,20,12
2844063,23,48,9
2844067,33,30,12
2844088,46,63,8
2844103,30,36,4
2844124,74,30,15
2844138,46,27,4
2844147,45,18,12
2844155,56,12.03,12
2844159,37,0.03,4
2844204,58,2,17
2844208,40,6,4
2844218,67,6,12
2844232,28,42,4
2844237,59,24,4
2844245,36,13,6
2844258,63,18,21
2844262,54,6,6
2844269,32,0.03,15
2844284,43,51,2
2844288,31,18,12
2844304,43,15,7
2844366,40,12.03,6
2844377,45,240,2
2844389,41,36,12
2844390,31,0.03,15
2844433,54,24,4
2844438,24,13,12
2844459,61,1.97,21
2844522,24,1.95,19
2844542,31,20,1
2844547,29,12.03,13
2844567,26,4,12
2844570,45,0.03,4
2844572,61,10,2
2844574,44,33,15
2844579,29,5,4
2844586,35,0.03,6
2844606,57,27,2
2844649,18,2.36,19
2844691,36,88,7
2844756,21,6,9
2844803,41,66,6
2844817,29,21,9
2844843,55,12.03,12
2844850,50,46,12
2844856,61,17,2
2844911,59,0.03,7
2844913,34,0.03,6
2844917,61,2.96,12
2845004,33,32,6
2845005,57,120,15
2845024,59,10,12
2845036,41,24,6
2845067,66,48,7
2845070,37,16,6
2845072,68,120,7
2845076,39,0.03,12
2845077,34,0.59,2
2845081,43,6,12
2845111,46,20,2
2845115,60,18,12
2845130,33,40,4
2845131,21,8,6
2845142,45,0.03,16
2845168,32,12.03,4
2845172,31,30,7
2845206,31,0.03,4
2845224,42,37,12
2845247,36,21,19
2845261,46,57,2
2845263,36,10,12
2845383,23,61,7
2845395,43,50,7
2845397,54,28,12
2845404,24,0.03,4
2845406,36,36,4
2845407,38,12.03,4
2845435,41,33,12
2845472,56,30,2
2845477,28,12,12
2845482,55,30,2
2845494,33,12,9
2845521,58,62,3
2845530,41,33,4
2845570,44,33,12
2845575,30,18,12
2845602,38,0.03,6
2845638,30,0.03,9
2845639,27,33,4
2845650,50,48,4
2845654,28,41,6
2845658,41,12,12
2845662,36,8,12
2845665,32,9,9
2845682,31,24.03,4
2845685,38,18,4
2845690,22,36,7
2845702,53,12.03,4
2845720,44,46,12
2845722,41,4.43,19
2845740,60,0.03,12
2845809,28,48,12
2845827,67,35,12
2845866,27,0.49,19
2845869,28,24.03,7
2845874,52,24,6
2845891,29,0.03,12
2845939,55,42,4
2845958,47,0.03,3
2846017,23,25,4
2846018,43,30.66,4
2846021,34,36,15
2846025,25,24,12
2846045,31,48,4
2846050,60,10,12
2846071,31,0.03,4
2846078,63,11,6
2846093,38,75,7
2846106,26,78,4
2846138,30,48,1
2846144,29,0.03,6
2846164,32,21,14
2846167,31,41,12
2846195,50,8,6
2846205,25,1.99,19
2846218,31,36,7
2846249,48,30,2
2846252,23,18,6
2846290,64,21,12
2846307,39,0.03,6
2846318,57,21,3
2846370,49,10,19
2846384,62,6,12
2846408,29,0.03,9
2846415,30,24,4
2846418,23,25,4
2846457,71,12.03,6
2846466,56,12.03,6
2846471,39,0.03,4
2846475,39,21,12
2846477,66,4,12
2846479,37,54,7
2846486,52,3,12
2846524,30,0.23,19
2846527,44,41,12
2846537,38,70,13
2846545,39,30,2
2846589,52,12.03,6
2846647,43,30,4
2846691,55,60,7
2846703,38,18,6
2846772,38,30,6
2846774,27,18,6
2846782,27,63,4
2846860,36,36,4
2846868,24,9,9
2846882,37,84,4
2846901,61,8,12
2846915,29,0.07,4
2846950,61,24,12
2846959,23,0.03,12
2847050,45,18,4
2847058,39,90,2
2847069,46,27,6
2847078,45,0.03,8
2847083,45,18,8
2847091,32,0.03,16
2847096,51,46,12
2847097,43,0.99,4
2847104,42,42,8
2847105,43,12.03,8
2847106,37,18,12
2847113,52,0.03,12
2847118,54,0.03,2
2847130,56,33,1
2847179,35,24,6
2847199,46,0.03,2
2847210,62,20,12
2847216,39,60,12
2847220,31,65,7
2847231,58,12.03,17
2847244,55,48,7
2847251,58,15,12
2847261,29,0.03,19
2847271,34,18,10
2847286,55,84,7
2847352,27,3,9
2847360,44,30,9
2847375,58,60,12
2847405,53,90,1
2847413,33,0.03,4
2847415,61,36,4
2847429,57,3,12
2847471,49,10,13
2847488,23,12.03,6
2847498,42,12.03,4
2847506,38,92,8
2847507,53,21,12
2847547,55,21,1
2847573,34,2.12,12
2847588,36,48,12
2847589,43,4,12
2847611,31,12.03,6
2847626,36,18,9
2847657,42,6,7
2847663,51,58,7
2847683,49,36,1
2847692,27,46,12
2847729,49,24,1
2847732,33,74,7
2847756,47,4,12
2847773,53,33,6
2847776,35,0.03,6
2847800,52,24,13
2847814,51,41,1
2847822,37,70,2
2847834,38,24.03,7
2847845,49,12.03,4
2847871,59,124,2
2847890,44,36,6
2847899,32,4.23,21
2847901,35,0.99,9
2847921,57,44,1
2847951,31,7,4
2847966,41,44,2
2847969,41,30,2
2847970,51,51,6
2848000,57,51,7
2848013,62,20,12
2848035,48,7,4
2848044,37,12.03,6
2848045,34,0.03,4
2848081,47,16,12
2848086,21,0.03,10
2848105,45,51,13
2848110,37,60,4
2848135,27,6,4
2848151,38,57,15
2848155,52,36,7
2848185,21,11.72,12
2848190,66,12.03,12
2848191,35,12,16
2848209,43,20,9
2848254,44,60,6
2848268,64,36,2
2848292,52,20,17
2848293,27,38,4
2848303,51,46,15
2848310,44,48,2
2848311,48,20,12
2848313,29,0.03,4
2848325,50,32,2
2848326,32,21,4
2848337,40,24,12
2848356,25,19,6
2848369,32,0.99,6
2848382,66,12.03,4
2848397,60,0.03,15
2848411,43,57,7
2848434,38,24,2
2848451,47,46,15
2848464,38,0.03,7
2848476,26,10,6
2848490,37,0.03,4
2848504,34,26.46,12
2848587,47,0.26,12
2848642,36,12.03,2
2848685,43,121,15
2848787,41,168,2
2848792,40,60,10
2848797,41,95,2
2848843,56,9,12
2848851,27,3,4
2848859,21,0.03,20
2848868,23,20,6
2848870,45,18,6
2848898,45,9,12
2848926,35,87,7
2848932,42,240,1
2848938,30,0.03,6
2848941,31,0.03,6
2848944,25,21,20
2848982,24,45,2
2848999,43,24,6
2849037,31,30,2
2849054,45,4.56,4
2849067,40,18,4
2849086,60,121,1
2849105,32,9,2
2849229,44,12,12
2849252,32,32,2
2849257,24,0.03,4
2849264,30,24,2
2849270,63,18,12
2849285,30,11.03,4
2849293,61,30,12
2849318,39,6,12
2849397,34,18,6
2849427,23,24.03,6
2849430,53,21,12
2849442,60,0.03,1
2849482,65,8,18
2849499,40,0.03,12
2849557,55,2,6
2849563,46,0.03,6
2849603,37,36,12
2849670,30,5,12
2849719,44,6,6
2849747,49,24,12
2849753,37,0.03,13
2849754,39,0.03,1
2849779,50,30,16
2849802,25,27,12
2849803,19,2.07,19
2849809,33,4,5
2849817,41,18,6
2849818,43,48,13
2849832,40,60,20
2849858,24,6,4
2849861,39,43,12
2849865,58,51,13
2849905,31,3,9
2849917,33,15,12
2849950,51,30,4
2849954,70,0.03,16
2849959,46,0.03,6
2849998,65,120,2
2850006,29,7.07,12
2850016,48,51,7
2850032,28,32,7
2850035,44,0.03,4
2850037,57,30,12
2850068,42,0.03,2
2850094,67,180,13
2850100,50,12.03,21
2850105,45,0.03,12
2850129,40,30,7
2850165,29,3,9
2850166,45,2,19
2850194,82,60,1
2850215,35,36,2
2850228,36,30,6
2850237,56,18,12
2850252,43,20,4
2850257,43,3,12
2850278,29,14,12
2850291,46,15,9
2850292,29,0.03,12
2850304,39,0.03,4
2850308,62,18,4
2850331,31,12.03,4
2850343,52,9,12
2850348,36,3,6
2850358,35,12.03,6
2850361,26,11,4
2850382,45,28,4
2850417,64,12.03,4
2850448,49,0.16,1
2850449,61,86,11
2850460,53,24,4
2850476,69,26,2
2850516,32,0.03,9
2850524,51,60,13
2850555,45,54,13
2850564,35,0.16,1
2850569,32,21,6
2850580,40,27,7
2850598,59,95,1
2850615,38,4.05,6
2850640,30,0.03,12
2850646,37,54,4
2850669,32,4,14
2850672,44,33,4
2850689,40,18,6
2850702,56,24,12
2850711,59,120,2
2850757,29,32,4
2850819,35,0.03,21
2850851,35,84,4
2850874,28,18,6
2850895,59,24,4
2850916,57,1,4
2850918,42,0.66,2
2850944,37,0.03,2
2850947,50,37,2
2850994,32,72,9
2851000,37,6,9
2851010,40,49.58,7
2851033,59,46,6
2851043,43,24,6
2851047,50,0.07,12
2851080,41,0.03,4
2851097,43,12.03,9
2851112,38,3.94,11
2851133,33,27,7
2851134,65,87,19
2851159,58,27,6
2851203,45,78,12
2851224,40,135,13
2851225,56,41,2
2851243,50,42,12
2851312,25,28,7
2851338,25,0.07,4
2851339,33,0.03,6
2851343,33,1.18,4
2851356,65,30,12
2851363,45,87,7
2851369,52,0.03,16
2851371,44,54,7
2851376,39,0.03,4
2851380,24,0.03,4
2851385,49,17,6
2851387,47,0.03,19
2851390,34,9,6
2851408,31,12.03,9
2851467,48,14,13
2851468,41,10,12
2851475,23,0.03,9
2851489,50,60,2
2851494,42,192,7
2851505,53,63,11
2851522,37,36,6
2851532,53,0.03,6
2851542,47,6,6
2851546,45,36,21
2851550,49,45,1
2851566,32,36,6
2851600,51,0.03,3
2851630,25,22,6
2851645,60,30,7
2851662,46,0.72,19
2851666,27,64,4
2851674,38,210,6
2851698,37,10,4
2851700,40,14,12
2851709,34,33,6
2851712,37,30,7
2851717,23,3,19
2851771,27,18,6
2851776,54,0.03,12
2851787,31,12.03,6
2851789,53,78,4
2851791,35,9,6
2851796,42,30,4
2851811,40,12.62,12
2851826,64,6,15
2851827,32,44,6
2851887,52,3,12
2851960,44,135,6
2851967,54,30,6
2851980,39,12.03,4
2852005,24,18,6
2852038,39,80,6
2852048,42,30,16
2852066,42,33,13
2852099,39,24,2
2852100,24,27,4
2852107,53,140,6
2852144,60,94,7
2852153,36,21,2
2852208,56,21,6
2852212,49,24,10
2852213,65,20,6
2852214,31,18,6
2852217,27,0.03,6
2852218,47,48,10
2852226,25,0.03,4
2852228,30,36,4
2852275,55,24,6
2852343,27,41,20
2852368,56,60,6
2852412,42,60,9
2852415,45,8,9
2852416,37,24,16
2852424,38,10,6
2852444,55,33,1
2852491,58,12.03,1
2852502,65,0.03,1
2852545,74,0.03,15
2852553,44,129,6
2852555,49,108,6
2852573,66,51,12
2852580,60,36,4
2852582,66,18,1
2852601,53,30,16
2852640,33,0.03,4
2852715,24,5,4
2852744,73,34,13
2852756,52,264,15
2852773,38,42,4
2852788,57,12.03,1
2852800,48,12.03,12
2852812,37,26,4
2852817,38,90,4
2852825,49,71,15
2852842,73,97,16
2852893,32,4,6
2852899,65,66,12
2852932,35,60,1
2852955,55,15,4
2852956,33,12.03,6
2853015,25,0.69,6
2853017,54,12,12
2853022,36,0.03,12
2853027,51,40,3
2853035,24,46,21
2853036,30,15,2
2853044,57,0.03,2
2853075,45,24,21
2853098,29,8,15
2853110,35,24.03,4
2853158,44,42,12
2853185,27,7.69,12
2853189,40,16,4
2853211,34,39,4
2853221,28,33,6
2853228,29,46,6
2853235,64,33,18
2853279,23,25,6
2853289,32,12.03,6
2853319,36,76,12
2853324,41,36,2
2853332,29,0.07,7
2853363,57,18,13
2853388,42,0.03,12
2853411,25,1.62,19
2853412,35,27,4
2853445,35,12.03,12
2853448,48,21,12
2853460,35,21,6
2853466,41,0.16,4
2853513,54,0.49,12
2853557,49,60,12
2853571,35,54,7
2853601,48,0.03,2
2853606,48,21,6
2853625,38,17,1
2853642,27,21,6
2853666,35,14.2,7
2853674,57,6,12
2853682,36,24,6
2853705,53,24,13
2853726,34,0.03,4
2853742,60,0.03,6
2853752,24,57,15
2853754,36,38,7
2853755,45,24,12
2853773,30,27,9
2853787,39,24.03,4
2853789,38,29,7
2853798,40,0.03,4
2853825,32,8,9
2853861,29,2,12
2853877,54,21,1
2853879,32,84,4
2853942,33,12.03,6
2853944,35,14.95,15
2853957,29,30,1
2853966,40,64,4
2853997,35,48,7
2854003,39,48,15
2854016,38,12.03,12
2854051,71,6,19
2854074,51,144,4
2854087,59,51,4
2854088,32,30,4
2854101,56,18,12
2854106,48,0.03,2
2854112,47,101,7
2854116,32,0.03,15
2854123,42,15,2
2854153,30,0.03,1
2854194,35,6,2
2854199,52,12.03,6
2854208,42,41,12
2854242,37,10.36,19
2854244,54,38,4
2854267,29,21,12
2854383,39,14.83,7
2854395,53,36,4
2854398,40,18,4
2854406,28,18,12
2854428,37,200,2
2854438,41,60,15
2854455,61,6,19
2854460,33,21,4
2854464,62,18,4
2854476,55,20,12
2854523,23,48,7
2854620,56,600,1
2854649,20,72,12
2854656,35,84,12
2854674,44,0.03,2
2854683,50,0.03,16
2854698,41,48,2
2854704,36,50,6
2854705,41,72,15
2854708,61,12.03,6
2854712,64,30,12
2854719,29,0.03,12
2854721,32,48,6
2854740,59,0.03,2
2854769,45,27,4
2854773,30,72,6
2854824,28,18,6
2854854,24,46,4
2854873,38,37,2
2854905,23,48,7
2854978,40,40,15
2855010,26,2.66,19
2855023,40,0.03,4
2855054,20,21,12
2855061,29,14,6
2855095,37,10,4
2855102,48,12.03,12
2855115,35,16,6
2855155,40,54,2
2855160,60,21,4
2855176,41,0.03,4
2855186,52,15,2
2855219,49,48,7
2855220,56,0.03,4
2855225,27,30,7
2855228,29,0.03,4
2855260,31,21,7
2855261,62,102,2
2855283,49,0.03,7
2855286,38,30,15
2855288,57,60,12
2855302,23,24,6
2855310,22,80,7
2855311,29,53,7
2855328,34,12.03,6
2855330,56,30,3
2855336,33,36,7
2855348,34,78,13
2855350,23,0.03,6
2855354,27,0.03,4
2855374,37,57,4
2855422,52,18.89,4
2855428,43,30.2,12
2855436,42,27,12
2855441,33,41,4
2855454,34,0.07,7
2855494,58,12.03,15
2855498,26,84,6
2855507,35,30,4
2855509,62,14,12
2855517,35,87,2
2855519,25,60,4
2855541,30,6,6
2855546,44,25,4
2855552,51,24,12
2855580,42,11,4
2855619,52,0.03,6
2855636,35,30,1
2855637,63,27,2
2855643,60,57,7
2855667,34,48,4
2855727,65,37,9
2855740,34,48,12
2855772,49,6,12
2855791,35,27,4
2855804,35,12,2
2855821,50,0.03,3
2855846,29,12.03,10
2855853,33,18,6
2855862,21,3.19,19
2855868,26,18,15
2855899,44,3,4
2855923,50,34,2
2855924,57,13,12
2855927,46,48,4
2855935,26,12,10
2855994,29,33,6
2856004,48,27,12
2856015,69,18,12
2856021,37,24,2
2856039,41,54,4
2856050,45,0.03,15
2856070,60,40,13
2856075,58,0.46,9
2856080,50,18,6
2856098,67,27,2
2856132,24,78,12
2856136,22,32,9
2856158,30,60,7
2856160,35,60,7
2856179,71,12.03,2
2856187,47,10,6
2856190,40,46,4
2856195,37,46,4
2856219,27,3,6
2856225,38,48,14
2856228,51,42,1
2856279,37,51,14
2856281,22,6,4
2856290,35,6,14
2856313,40,48,12
2856329,30,21,4
2856339,25,57,12
2856385,36,36,6
2856386,45,39,4
2856434,50,24,6
2856437,27,1,4
2856442,30,0.03,4
2856477,71,18,13
2856498,67,78,2
2856501,33,24,4
2856502,30,60,2
2856503,30,41,12
2856517,33,1.07,12
2856561,58,6,12
2856622,37,11.92,4
2856626,56,144,2
2856633,69,12.03,15
2856644,29,12.03,9
2856646,51,0.03,12
2856652,46,0.03,6
2856678,66,84,12
2856686,42,33,12
2856710,31,0.03,7
2856725,24,6,6
2856777,29,119,7
2856778,55,33,6
2856790,32,34,4
2856795,38,12.03,6
2856813,66,0.03,8
2856836,37,12,16
2856858,41,24,6
2856880,25,24,9
2856976,21,34,7
2856989,41,15,4
2857010,33,0.03,6
2857019,45,19,2
2857023,31,30,4
2857026,61,6,6
2857027,35,10,6
2857032,36,41,4
2857055,33,0.03,6
2857084,29,0.03,9
2857125,61,18,12
2857128,26,37,12
2857193,65,12.03,12
2857202,27,6,6
2857212,30,6,9
2857218,51,33,8
2857253,40,0.03,4
2857266,35,15,12
2857272,32,13,4
2857275,46,26,7
2857298,32,60,12
2857310,53,24,12
2857315,23,15,12
2857355,53,5,4
2857358,40,24.39,12
2857368,62,7.39,1
2857405,36,13,7
2857426,55,6,6
2857469,32,42,10
2857501,52,26,8
2857509,42,36,12
2857549,55,24,12
2857575,33,48,12
2857594,28,8,6
2857631,43,12.03,18
2857634,49,36,6
2857658,37,0.03,6
2857679,43,48,13
2857682,29,15,6
2857694,25,18,9
2857714,30,2,4
2857729,36,7,4
2857730,45,42,7
2857734,51,24,12
2857752,30,51,4
2857773,59,12.03,9
2857778,57,46,15
2857795,20,18,9
2857804,46,60,13
2857811,29,44,4
2857831,29,0.03,12
2857875,26,57,4
2857876,31,31,6
2857889,38,30,6
2857890,46,24,6
2857894,31,12.03,6
2857896,40,24,6
2857906,44,240,12
2857910,36,9,9
2857926,42,119,3
2857937,21,3.48,19
2857952,32,27,12
2857958,46,27,13
2857969,35,60,7
2857988,20,6,4
2858002,35,6,1
2858015,43,0.39,12
2858030,75,30,7
2858047,71,30,12
2858052,59,41,1
2858056,32,15,6
2858075,39,37,12
2858081,67,120,7
2858089,49,18,1
2858090,51,6,12
2858125,43,30,4
2858134,41,33,12
2858153,41,175,4
2858154,65,30,12
2858206,52,21,4
2858222,34,240,6
2858224,57,71,1
2858268,62,10,12
2858272,42,12.03,5
2858281,40,0.03,2
2858305,60,96,13
2858331,60,24,12
2858335,27,24,9
2858346,60,6,6
2858390,51,5,16
2858398,53,18,12
2858409,36,4,6
2858436,63,13,12
2858439,34,30,6
2858467,25,70,7
2858507,51,0.03,14
2858525,57,12.03,2
2858536,52,18,12
2858575,24,48,7
2858592,24,0.03,4
2858601,26,51,7
2858621,43,68,6
2858628,66,10,12
2858649,38,41,6
2858653,48,120.07,14
2858655,36,30,12
2858673,26,3,9
2858679,66,4,12
2858695,43,28,2
2858697,34,1.99,12
2858716,55,51,1
2858725,47,24,4
2858749,51,10,1
2858757,43,51,12
2858762,18,2.49,19
2858763,54,1.89,19
2858775,40,15,7
2858809,66,12.03,16
2858810,53,40,2
2858822,22,33,4
2858850,24,28,4
2858858,39,108,4
2858863,47,12.39,12
2858867,48,60,13
2858896,41,24,12
2858916,55,15,15
2858930,73,36,7
2859004,43,1.71,9
2859034,34,57,12
2859051,24,3.29,19
2859055,35,13,6
2859082,56,0.36,4
2859132,53,0.03,12
2859141,43,21,12
2859160,55,65,2
2859161,27,63,4
2859163,35,12,9
2859168,45,78,14
2859175,33,15,4
2859186,48,20,2
2859192,22,0.03,9
2859239,35,20,4
2859261,52,0.03,4
2859280,22,6,4
2859304,30,9,7
2859345,25,8,19
2859378,35,0.03,4
2859395,41,48,1
2859402,46,120,4
2859405,27,24,4
2859420,53,12,12
2859472,29,0.03,4
2859482,60,6.03,14
2859545,43,3,2
2859554,63,27,12
2859591,60,38,4
2859595,31,78,4
2859596,31,37,12
2859616,45,19,12
2859623,52,78,1
2859676,24,27,6
2859692,38,5.99,4
2859702,68,40,7
2859797,29,52,4
2859824,34,41,6
2859870,50,54,7
2859890,28,41,4
2859914,64,24,3
2859948,19,18,10
2859971,40,15,1
2859976,68,24,1
2860012,62,21,12
2860018,73,4,2
2860068,40,12.03,2
2860072,42,51,1
2860126,51,6,4
2860128,38,53.92,15
2860129,59,8,4
2860183,36,65,7
2860287,32,10,12
2860289,64,70,15
2860306,55,3,2
2860314,41,5,12
2860315,32,180,13
2860334,61,52,16
2860359,43,12.03,4
2860363,47,0.03,6
2860370,53,0.03,6
2860374,38,0.03,1
2860380,77,0.03,15
2860384,55,0.03,15
2860392,63,0.03,15
2860405,25,27,9
2860406,65,37,6
2860433,33,12.03,4
2860473,41,28,7
2860481,32,27,6
2860488,45,12.03,2
2860494,28,60,12
2860515,31,36,6
2860523,31,30,6
2860524,36,15,2
2860529,58,36,2
2860533,55,480,12
2860535,27,18,6
2860542,41,1.02,17
2860554,66,30,6
2860595,45,105,4
2860609,53,12.03,2
2860628,59,30,6
2860664,34,0.03,21
2860690,50,0.03,12
2860699,47,145,7
2860704,43,9,4
2860716,41,12.03,4
2860727,44,21,6
2860748,62,4,6
2860760,35,0.99,4
2860764,27,0.03,12
2860785,58,33,21
2860800,48,0.16,6
2860803,48,36,7
2860824,49,31,6
2860826,45,36,2
2860833,38,36,21
2860864,49,8,6
2860870,68,24,12
2860884,72,78,8
2860906,30,1,10
2860913,81,0.26,16
2860935,45,21,12
2860936,46,4,6
2860948,54,5,13
2860960,38,36,6
2860967,64,13,2
2861003,49,41,12
2861021,28,27,12
2861023,45,0.03,3
2861045,19,30,4
2861046,40,84,2
2861081,26,18,6
2861091,55,18,4
2861093,26,9.95,12
2861104,39,10,15
2861114,38,24,1
2861133,29,16,4
2861141,30,12.03,9
2861148,41,14,12
2861150,41,12,12
2861178,35,50,12
2861232,24,8,4
2861245,36,6,13
2861247,38,75,4
2861254,48,12,12
2861258,36,4,12
2861278,22,0.03,12
2861282,29,0.03,3
2861283,50,5,2
2861339,53,13,21
2861345,39,16,15
2861380,43,6,4
2861396,36,27,6
2861405,25,12,4
2861427,24,12.03,12
2861447,67,24,12
2861457,60,12.03,1
2861481,67,0.07,21
2861530,26,0.03,4
2861541,67,0.03,12
2861543,78,0.03,12
2861559,38,15,12
2861566,44,120,6
2861581,44,48,6
2861616,26,33,12
2861623,29,15.59,4
2861629,69,6,16
2861691,39,2.92,12
2861720,60,72,12
2861725,33,34,9
2861736,43,36,4
2861770,74,0.07,21
2861786,37,30,4
2861807,42,27,15
2861821,53,108,2
2861834,44,63,12
2861847,23,30,6
2861848,39,46,4
2861879,60,27,6
2861895,45,24,9
2861904,39,20,4
2861906,46,36,2
2861913,51,84,6
2861958,59,21,21
2861968,63,21,21
2861973,32,0.03,12
2862024,25,0.03,9
2862025,38,36,4
2862028,45,2,6
2862037,23,0.03,6
2862049,55,15,21
2862052,34,2.62,4
2862058,42,18,6
2862059,43,18,6
2862064,54,30,6
2862068,67,24,15
2862069,32,21,4
2862074,50,18,12
2862093,53,0.62,4
2862127,64,18,2
2862131,34,27,1
2862164,49,30,12
2862169,27,0.03,4
2862173,48,37,12
2862186,40,0.03,6
2862198,37,10,6
2862200,26,47,12
2862228,44,10,9
2862256,28,50,4
2862301,39,48,2
2862338,41,37,2
2862367,37,6,2
2862381,53,60,2
2862389,30,1.97,4
2862411,24,51,15
2862505,21,3.91,19
2862515,32,4.14,14
2862536,32,63,7
2862588,76,0.46,21
2862589,52,18,21
2862590,59,15,6
2862652,52,8,6
2862699,51,30,2
2862702,70,18,2
2862703,29,30,16
2862704,28,0.03,4
2862720,37,12.03,16
2862724,33,3.29,4
2862733,32,20,4
2862748,28,30,4
2862780,55,6,12
2862784,35,33,12
2862844,55,18,12
2862857,43,0.03,12
2862859,30,0.03,4
2862909,27,0.03,4
2862954,24,72,7
2863037,53,21,6
2863080,36,12.03,6
2863089,34,6,12
2863090,36,46,4
2863110,41,18,12
2863157,49,0.62,6
2863187,48,36,4
2863223,49,21,2
2863264,40,22,6
2863267,28,0.03,6
2863282,44,54,15
2863305,24,21,12
2863311,29,15,4
2863340,38,57,4
2863366,37,30,12
2863379,58,42,4
2863394,50,70,2
2863396,31,5,6
2863401,51,2.96,6
2863402,36,60,13
2863404,70,84,1
2863477,34,94,15
2863509,29,14,16
2863567,59,30,1
2863572,42,5,9
2863652,42,28.07,2
2863690,44,9,2
2863692,47,46,12
2863702,44,7,6
2863711,62,0.03,19
2863747,26,3,9
2863810,39,6,21
2863813,48,12.03,12
2863839,28,0.03,21
2863845,31,13,21
2863868,33,27,9
2863873,21,96,4
2863875,43,12.03,6
2863906,49,12.03,1
2863929,22,24,4
2863950,29,30,12
2863954,46,0.03,7
2863958,48,18,1
2863961,42,15,12
2863964,63,30,12
2863969,66,13,6
2863977,37,0.03,14
2863992,55,14,12
2863994,63,25,12
2863995,57,60,4
2863997,50,30,6
2864005,35,2,12
2864010,52,48,4
2864029,31,21,2
2864050,54,21,12
2864055,39,24,17
2864100,30,12.03,4
2864208,57,20,12
2864215,41,6,12
2864223,61,15,1
2864236,37,0.03,6
2864256,35,15,2
2864284,31,0.03,21
2864307,40,30,12
2864313,28,18,4
2864318,29,0.03,4
2864329,49,18,12
2864345,52,212,7
2864348,30,36,4
2864378,38,8.66,6
2864386,35,0.03,6
2864404,27,24,12
2864430,27,27,4
2864450,40,46,12
2864453,38,6.02,9
2864456,29,18,12
2864468,63,20,2
2864475,44,0.03,2
2864493,49,27,12
2864619,44,1.92,4
2864651,52,12.03,13
2864663,32,0.03,6
2864666,65,12.03,15
2864690,29,0.03,21
2864739,38,13.79,6
2864762,38,132,4
2864768,64,30,1
2864776,44,36,2
2864804,41,75,6
2864866,59,12,19
2864870,29,74,7
2864886,41,8,2
2864895,35,27,7
2864896,32,30,4
2864905,71,27,1
2864906,56,20,12
2864908,22,24,6
2864934,31,78,15
2864939,51,14,6
2864968,37,6,12
2864969,60,70,6
2864977,69,36,2
2864982,40,20,8
2864995,49,41,12
2865070,35,21,12
2865110,31,78,12
2865161,57,37,12
2865170,51,50,12
2865194,46,40.03,7
2865216,68,12.03,6
2865227,23,46,6
2865242,43,60,12
2865243,41,96,4
2865254,42,12.03,6
2865266,47,16,12
2865277,28,39,7
2865284,25,24.03,7
2865298,53,63,1
2865350,34,20,6
2865409,35,54,7
2865424,32,0.03,6
2865455,27,8,6
2865462,38,18,8
2865471,52,36,7
2865472,50,54,2
2865490,61,60,12
2865491,62,41,9
2865493,55,46,2
2865524,49,12.03,12
2865535,29,46,13
2865579,38,22,6
2865582,37,18,15
2865591,43,40,12
2865593,41,3.36,12
2865604,35,56,7
2865606,31,20,6
2865610,40,48,12
2865627,40,26,6
2865636,33,30,6
2865653,30,13,4
2865659,36,65,7
2865684,50,12.03,6
2865695,36,60,7
2865708,36,87,7
2865719,34,21,6
2865735,62,36,12
2865777,57,10,2
2865786,45,42,12
2865820,23,4.14,19
2865837,53,6,15
2865839,50,6,15
2865870,59,18,12
2865982,36,8,12
2866008,41,0.03,2
2866012,58,13,2
2866035,24,30,12
2866141,41,24,12
2866173,39,12.03,15
2866194,57,27,12
2866207,52,24.03,6
2866209,19,30,4
2866216,39,84,7
2866226,55,33,1
2866244,38,0.03,4
2866254,33,0.03,6
2866259,25,65,4
2866264,45,11,2
2866280,27,15,4
2866299,30,33,6
2866335,41,0.03,6
2866419,29,30,4
2866427,43,36,12
2866428,29,65,4
2866433,35,12.03,12
2866447,61,33,21
2866474,29,53,4
2866491,65,33,21
2866497,41,24,6
2866541,32,12.03,6
2866570,49,18,6
2866579,34,41,12
2866582,59,30,13
2866588,61,30,13
2866632,62,0.03,4
2866644,61,18,12
2866687,56,0.03,12
2866717,52,26,2
2866761,36,0.03,21
2866762,32,48,12
2866781,29,7,6
2866799,41,72,7
2866803,57,9,12
2866805,42,6,6
2866809,33,0.03,16
2866817,38,0.03,20
2866820,38,0.03,2
2866821,50,0.03,12
2866829,35,12.03,12
2866830,48,11.96,4
2866834,42,79,7
2866839,45,51,7
2866879,39,26,12
2866892,48,108,2
2866916,54,16,12
2866927,21,19,6
2866931,72,84,2
2866944,37,0.03,15
2866948,82,48,1
2866955,28,48,6
2867003,55,10,2
2867007,27,15,12
2867023,81,0.03,1
2867024,51,70,6
2867031,30,0.03,4
2867045,57,120,15
2867050,46,8,12
2867057,55,0.03,12
2867060,29,51,6
2867066,45,0.03,15
2867082,65,78,12
2867097,27,24,16
2867107,25,20,4
2867158,32,27.49,9
2867159,79,18,1
2867194,47,48,4
2867199,33,0.03,2
2867204,51,63,7
2867208,64,0.03,6
2867212,51,30,4
2867215,31,4,4
2867231,42,0.03,9
2867244,31,52,4
2867248,40,6,6
2867263,58,54,7
2867276,49,29,4
2867279,38,0.03,4
2867282,32,0.03,6
2867288,24,0.03,12
2867291,38,51,13
2867299,56,12,6
2867315,52,5,6
2867324,62,24,6
2867326,53,24,15
2867349,35,30,4
2867382,60,13,21
2867468,63,66,2
2867505,40,12.03,6
2867517,34,6,5
2867532,72,9,15
2867539,29,108,15
2867575,46,48,4
2867579,28,60,12
2867592,28,84,1
2867622,41,18,12
2867634,32,36,6
2867658,24,16,9
2867668,55,33,4
2867674,45,36,13
2867736,51,64,12
2867746,42,24,6
2867780,61,0.03,16
2867809,31,0.03,6
2867820,43,24,6
2867829,47,0.03,4
2867834,21,0.03,12
2867840,71,48,2
2867847,31,38,12
2867849,69,12,2
2867850,37,63,4
2867853,38,60,12
2867860,34,36,10
2867886,48,84,1
2867895,28,57,4
2867900,31,0.03,21
2867924,49,51,4
2867928,57,204,12
2867936,61,36,15
2867952,46,12.03,12
2867961,75,27,2
2867988,41,15,6
2867991,58,37,12
2867996,40,18,6
2868003,45,41,21
2868008,71,15,12
2868018,55,33,12
2868028,26,21,9
2868058,39,108,13
2868072,38,63,12
2868083,41,1,12
2868092,41,18,2
2868105,36,48,2
2868111,51,78,1
2868119,39,0.03,4
2868161,51,18,6
2868162,57,12.03,6
2868163,53,12.03,6
2868199,30,0.03,4
2868209,41,66,4
2868215,57,33,12
2868232,37,0.03,12
2868234,65,13.03,12
2868235,50,21,12
2868245,52,8,2
2868275,33,26,12
2868279,43,28,12
2868314,34,7,4
2868316,44,17.99,7
2868322,26,5,4
2868327,64,12.03,5
2868337,37,12.03,2
2868353,55,51,4
2868357,52,10,2
2868360,25,12.03,6
2868362,55,14,2
2868366,36,48,7
2868384,23,51,6
2868413,46,33,12
2868463,38,8,9
2868467,52,18,12
2868473,72,21,12
2868498,42,84,13
2868505,67,0.16,1
2868531,29,72,4
2868534,34,162,7
2868540,33,51,4
2868543,34,0.03,4
2868554,37,48,15
2868578,69,0.03,2
2868584,43,6,1
2868640,32,0.03,12
2868642,28,18,12
2868674,46,0.03,6
2868686,68,240,2
2868698,54,40,2
2868751,52,15,6
2868801,27,18,4
2868861,39,57,21
2868938,30,48,8
2868955,51,18,12
2868971,54,0.03,6
2868978,52,0.03,6
2869018,47,6,16
2869029,48,18,6
2869031,29,97,15
2869073,61,108,12
2869076,45,4,12
2869078,28,51,15
2869082,39,41,12
2869084,44,40,12
2869092,39,20,12
2869100,41,0.03,1
2869104,68,16,12
2869113,44,42,12
2869114,29,50,4
2869131,46,12.03,2
2869147,24,15,6
2869213,35,0.03,2
2869280,41,36,2
2869282,54,25,12
2869291,37,70,4
2869301,27,45,4
2869326,43,12.03,12
2869366,33,6,10
2869386,64,24,13
2869407,24,71,6
2869420,46,1,6
2869423,42,30,7
2869433,33,0.03,6
2869477,34,12.03,12
2869483,36,18,2
2869485,50,0.03,4
2869494,31,8,6
2869534,45,63,4
2869549,30,33,6
2869558,25,16,6
2869574,39,0.03,6
2869587,49,0.03,6
2869593,24,28,12
2869606,38,18,12
2869616,31,54,7
2869619,33,33,6
2869620,69,108,2
2869627,32,11,6
2869637,55,8,6
2869654,30,144,12
2869661,52,15,12
2869670,47,0.03,4
2869679,31,22,14
2869684,51,30,12
2869711,37,144,12
2869730,55,7.26,7
2869746,21,2.43,19
2869751,22,37,6
2869767,42,24,1
2869772,46,108,6
2869783,33,0.03,12
2869811,36,0.03,6
2869848,40,0.03,19
2869852,29,60,7
2869897,26,0.03,4
2869909,28,6,9
2869910,22,63,6
2869929,36,5,9
2869940,40,12,12
2869941,26,30,6
2869948,31,24,10
2869958,57,27,12
2869986,25,24,6
2869988,50,21,12
2870004,72,12.03,12
2870037,21,15.13,8
2870043,25,60,4
2870045,26,0.03,21
2870047,53,120,2
2870052,21,57,6
2870059,52,6,6
2870063,22,24,6
2870071,36,63,6
2870090,56,41,4
2870091,48,70,20
2870109,30,37,12
2870117,48,0.03,6
2870125,21,0.03,9
2870126,39,97,12
2870129,37,4.13,19
2870159,45,36,3
2870207,38,18,12
2870212,22,15,6
2870222,38,12.03,4
2870231,42,21,12
2870236,42,84,7
2870240,73,12,12
2870267,32,18,10
2870276,37,30,6
2870281,44,6,2
2870282,51,15,2
2870284,33,12.03,4
2870285,42,90,12
2870303,27,57,6
2870308,35,12.03,12
2870326,35,2,12
2870328,52,0.03,4
2870335,43,51,4
2870352,49,172,17
2870402,62,27,2
2870441,22,14,6
2870451,65,18,12
2870458,34,30,6
2870459,21,4.83,19
2870461,45,0.03,9
2870471,54,18,6
2870477,46,27,6
2870478,48,12.03,12
2870490,49,37,7
2870491,51,30,7
2870492,50,6,6
2870500,31,1.48,12
2870525,44,108,15
2870537,34,36,12
2870551,67,0.16,2
2870557,36,0.03,21
2870633,30,27,4
2870644,30,48,7
2870675,61,42,14
2870682,42,24,4
2870683,37,40,6
2870691,29,0.03,6
2870699,31,37,12
2870742,35,17,12
2870753,54,90,15
2870761,52,36,6
2870785,62,36,17
2870851,30,42,6
2870865,42,34,6
2870876,54,39,1
2870879,73,60,2
2870907,41,0.03,19
2870933,23,0.03,4
2870950,34,0.03,19
2870988,25,18,9
2870994,46,4,21
2871010,28,24,6
2871017,45,18,21
2871020,35,18,6
2871031,40,13,9
2871064,34,96,2
2871072,38,40,2
2871080,55,14,12
2871082,21,0.03,9
2871101,60,21,6
2871108,24,31,7
2871148,54,7,6
2871157,29,15,6
2871162,48,48,12
2871172,43,78,15
2871183,28,6,12
2871187,27,18,9
2871208,26,36,7
2871214,41,60,12
2871219,68,5,12
2871220,39,18,12
2871225,26,0.03,6
2871231,30,9,9
2871249,30,1.97,7
2871292,42,48,7
2871295,44,14,6
2871299,67,12.03,6
2871313,46,42,2
2871317,52,75,7
2871322,43,63,4
2871327,63,72,4
2871352,60,24,12
2871356,47,33,12
2871362,49,24,6
2871390,31,12.03,6
2871446,22,15,6
2871468,42,96,2
2871481,22,72,21
2871493,21,96,4
2871496,51,0.03,16
2871501,36,62,4
2871512,52,14,2
2871516,33,12.03,12
2871521,44,21,12
2871535,50,27,6
2871543,28,0.03,12
2871574,52,24,6
2871582,47,6,12
2871583,46,12.03,6
2871585,45,33,2
2871597,32,52,7
2871640,52,33,2
2871705,67,8,12
2871734,27,16,12
2871737,29,12.03,6
2871759,41,0.03,12
2871828,24,18,9
2871847,24,45,4
2871853,41,6,12
2871878,60,60,12
2871903,60,0.03,2
2871926,38,27,4
2871949,43,57,12
2872003,28,14,6
2872061,39,0.03,4
2872096,52,18,4
2872116,30,26,4
2872117,29,0.03,12
2872122,30,37,12
2872135,30,54,4
2872150,27,19,4
2872241,32,0.03,4
2872257,34,24.03,7
2872269,55,0.03,7
2872290,46,90,1
2872292,47,0.03,4
2872331,38,12,12
2872357,39,6,4
2872367,38,48.07,4
2872389,39,0.03,9
2872413,54,94,7
2872422,60,54,7
2872434,20,0.03,9
2872436,41,18,12
2872441,60,60,7
2872493,53,99,2
2872530,41,12.03,1
2872531,35,24,12
2872556,47,168,12
2872567,30,12.03,4
2872603,33,0.03,6
2872612,29,0.03,9
2872626,58,30,6
2872643,46,15,12
2872675,55,18,6
2872678,56,78,1
2872699,61,36,12
2872703,40,27,21
2872726,29,8,6
2872738,24,0.03,7
2872744,44,12.03,6
2872745,39,0.03,12
2872749,34,16,6
2872763,42,18,12
2872800,70,63,7
2872812,49,12.03,4
2872813,50,0.03,7
2872841,43,46,2
2872848,27,11,9
2872864,47,24,12
2872871,29,12.85,6
2872873,25,12.03,6
2872875,42,8,4
2872876,39,13,6
2872877,49,41,12
2872881,30,6,9
2872885,43,24,15
2872896,33,12.03,9
2872920,35,21,6
2872936,35,120,7
2872947,40,18,6
2872948,42,0.13,19
2872964,51,121,12
2872993,55,39,2
2873017,54,27,12
2873019,48,12.03,13
2873048,59,36,2
2873054,27,27,7
2873067,28,41,1
2873068,59,24,1
2873069,25,16,6
2873114,49,0.03,9
2873115,48,48,15
2873122,29,12.03,6
2873136,32,16,9
2873141,25,30,4
2873201,39,46,6
2873219,27,24,12
2873263,36,30,4
2873271,28,18,12
2873328,54,61,4
2873331,42,36,6
2873336,48,222,12
2873339,33,57,13
2873347,34,10,6
2873350,43,12.03,6
2873354,41,24,6
2873355,38,33,6
2873356,41,24,2
2873370,43,36,6
2873412,57,0.03,12
2873429,41,15,6
2873444,40,8,4
2873562,56,24,2
2873565,35,40,4
2873569,43,51,4
2873590,62,48,12
2873602,34,0.69,19
2873637,62,0.03,6
2873638,39,41,13
2873640,28,15,16
2873651,33,0.03,4
2873661,32,0.03,6
2873664,31,30,4
2873690,42,48,1
2873697,40,0.03,6
2873703,47,0.03,2
2873705,42,12.03,15
2873725,33,48,7
2873731,35,0.03,19
2873772,20,42,7
2873806,48,18,12
2873818,33,29.36,4
2873841,45,6,19
2873851,52,6,4
2873869,25,2,4
2873870,68,66,7
2873888,34,14,4
2873909,54,10.03,4
2873913,56,20,12
2873917,26,10,12
2873919,38,0.03,19
2873929,28,6,12
2873933,67,4,2
2873963,48,2,12
2873972,41,45,9
2873974,50,0.03,6
2873977,32,0.03,19
2873995,36,37,6
2874055,34,52,4
2874061,33,120,7
2874062,66,0.03,6
2874100,42,12.03,6
2874107,55,6,2
2874109,24,0.07,6
2874134,64,12.03,13
2874139,23,0.46,6
2874142,28,63,15
2874152,24,6.72,12
2874160,27,46,4
2874170,27,18,9
2874186,35,70,7
2874190,43,0.03,6
2874201,37,84,2
2874207,21,5.62,4
2874268,49,78,1
2874270,55,18,12
2874272,34,51,4
2874306,64,0.03,12
2874322,39,10,12
2874325,35,70,6
2874344,21,0.03,9
2874356,53,41,12
2874378,51,0.03,12
2874412,60,51,15
2874419,49,72,4
2874427,68,240,15
2874431,45,120,6
2874439,36,8,4
2874448,43,5,12
2874454,31,68,7
2874461,50,0.1,3
2874473,41,30,4
2874476,50,57,1
2874482,59,21,12
2874506,34,84,4
2874515,24,30,7
2874544,28,63,12
2874555,35,18,4
2874562,36,56,7
2874581,43,12.03,2
2874602,58,38,12
2874604,34,26,4
2874634,31,18,20
2874653,51,72,2
2874655,24,48,6
2874664,66,15,12
2874670,64,16,15
2874676,27,7,4
2874696,38,22,12
2874713,39,32,15
2874724,39,0.03,7
2874752,48,6,12
2874767,29,0.03,6
2874772,46,40,4
2874824,37,144,7
2874826,37,10,8
2874842,30,54,4
2874843,22,84.03,4
2874858,32,44,6
2874898,52,6,16
2874938,53,12.03,12
2874949,55,60,6
2874967,48,0.03,6
2874998,50,45,12
2875003,49,5,1
2875005,43,1,2
2875010,52,1,2
2875028,44,70,4
2875088,47,57,12
2875091,42,14,6
2875110,31,18,4
2875117,67,10,6
2875121,49,36,7
2875194,51,10,12
2875220,45,63,15
2875240,32,28,4
2875268,24,32,4
2875286,46,12.03,12
2875299,27,63,4
2875316,62,36,12
2875331,33,24,7
2875338,63,0.03,12
2875340,42,40,7
2875424,41,46,4
2875434,32,35,1
2875435,46,84,6
2875436,64,0.03,12
2875481,33,0.16,12
2875520,51,19,6
2875527,38,18,12
2875528,44,19,6
2875536,54,24,12
2875583,41,12.03,4
2875584,19,0.43,19
2875607,37,30,4
2875619,41,5,12
2875624,38,15,19
2875644,51,41,13
2875650,64,12.03,12
2875675,39,60,7
2875698,49,0.03,3
2875712,26,0.03,4
2875743,25,0.03,6
2875753,50,18,6
2875769,33,30,4
2875804,56,37,12
2875810,57,0.03,21
2875812,39,18,13
2875816,40,0.03,12
2875841,55,24,4
2875869,35,168,19
2875884,25,46,6
2875902,53,31,7
2875915,64,48,12
2875928,49,60,12
2875942,62,210,13
2875962,32,12.03,6
2875970,38,90,1
2875984,46,24,6
2876004,48,0.03,6
2876052,59,48,2
2876076,34,48.03,6
2876081,39,0.46,6
2876087,31,0.03,1
2876110,45,5,6
2876128,42,14,11
2876148,34,42,12
2876153,44,0.03,21
2876174,30,0.03,16
2876192,38,0.03,16
2876217,48,15,6
2876222,32,19,9
2876231,21,0.46,4
2876250,73,27,12
2876255,35,27,16
2876279,54,12.03,13
2876287,32,0.03,4
2876291,36,0.03,4
2876329,32,12.03,15
2876335,36,0.03,4
2876337,32,0.03,1
2876343,60,6,2
2876348,53,48,12
2876366,24,34,7
2876368,24,84.03,4
2876381,34,0.03,4
2876406,56,46,6
2876419,36,87,6
2876427,25,0.03,4
2876464,54,15,13
2876483,52,14,12
2876497,55,42,2
2876500,21,5.49,19
2876508,24,4.14,19
2876510,21,3.61,19
2876631,43,6,21
2876657,63,4,6
2876671,45,37,2
2876686,29,0.03,6
2876687,36,0.03,4
2876689,53,21,12
2876693,54,12.03,1
2876698,52,51,12
2876725,38,24,15
2876732,46,5,12
2876738,52,13,5
2876750,51,66,12
2876761,45,36,12
2876766,53,9.76,6
2876783,45,12.03,1
2876798,48,21,2
2876800,37,16,2
2876823,55,0.99,12
2876826,47,18,6
2876861,56,24,4
2876866,53,65,7
2876889,27,15,9
2876920,39,8,9
2876923,49,42,1
2876930,35,30,4
2876933,42,17,2
2876959,41,60,13
2876974,47,14,2
2876981,39,12.03,2
2876991,47,33,12
2877010,34,12,4
2877021,39,45,1
2877035,73,0.03,12
2877040,54,24,1
2877050,32,135,7
2877052,44,60,4
2877063,32,36,4
2877083,43,32,4
2877095,72,24,5
2877103,37,65,4
2877117,26,40,4
2877123,36,33,12
2877135,21,12.03,9
2877143,53,0.03,9
2877162,52,36,6
2877192,57,37,6
2877207,39,0.03,4
2877218,56,30,13
2877221,25,12,9
2877251,65,0.03,3
2877254,40,11,6
2877255,33,4.79,19
2877256,33,30,12
2877272,60,65,12
2877308,47,15,12
2877311,34,6,6
2877337,25,6.03,12
2877350,36,3,4
2877356,36,36,12
2877367,53,60,7
2877376,54,42,13
2877386,46,15,4
2877397,55,36,12
2877401,55,72,2
2877513,50,0.03,9
2877522,31,12.03,12
2877547,36,5.07,6
2877549,48,12.03,15
2877579,22,11,12
2877590,49,30,8
2877602,31,14,12
2877636,28,24,12
2877642,36,9,9
2877653,35,60,13
2877661,58,15,6
2877716,62,5.88,19
2877718,21,24.03,7
2877778,52,40,4
2877799,43,51,7
2877816,50,8,4
2877828,26,4,4
2877886,57,10,12
2877892,43,3,4
2877919,50,8,4
2877941,36,3,4
2877960,72,12.03,6
2877964,49,1,12
2877982,47,87,7
2878009,62,3,4
2878054,71,0.03,12
2878058,31,51,12
2878073,21,6,4
2878079,36,44,19
2878082,38,108,4
2878140,26,24.03,4
2878163,30,18,4
2878172,56,15,6
2878202,24,95,7
2878210,64,12.03,1
2878212,76,14,14
2878222,46,12.03,17
2878232,35,12.03,9
2878278,27,27,4
2878293,69,18,12
2878320,18,7,9
2878346,30,48,6
2878348,44,18,12
2878408,46,0.03,19
2878423,46,41,6
2878431,29,48,12
2878435,28,33,12
2878443,21,65,9
2878444,53,27,13
2878445,70,22,2
2878498,34,24.03,7
2878500,57,18,15
2878516,56,24,6
2878531,60,13,12
2878537,27,6,6
2878550,25,48,7
2878551,60,29,1
2878553,43,1.97,12
2878587,45,0.99,6
2878597,23,0.03,6
2878651,52,52,2
2878667,32,15,6
2878668,41,24,9
2878695,55,21,12
2878697,45,33.82,15
2878705,40,0.03,12
2878724,36,24.41,12
2878727,22,13.89,12
2878753,49,71,1
2878790,42,10.3,21
2878822,54,27,2
2878829,58,58,12
2878833,37,0.03,6
2878842,30,18,12
2878845,39,27,19
2878853,23,8.87,10
2878880,31,41,12
2878906,27,26,2
2878912,47,12,4
2878922,59,12.03,12
2878947,60,0.03,12
2878949,55,0.03,12
2878987,60,18,15
2879006,48,4.36,4
2879030,39,24.1,4
2879033,39,3,12
2879060,34,0.03,6
2879074,33,0.03,6
2879085,28,54,4
2879104,42,26,2
2879121,35,48,6
2879125,40,20,9
2879148,49,30,2
2879158,28,4.5,19
2879165,30,14,15
2879189,49,45,4
2879220,56,104,6
2879226,28,53,7
2879242,34,24,2
2879311,23,4.13,12
2879336,43,4,2
2879338,46,42,2
2879355,37,6,6
2879358,22,4.11,12
2879362,57,0.03,15
2879383,42,3,2
2879393,33,0.03,6
2879401,34,0.03,2
2879410,57,0.03,9
2879445,66,36,13
2879473,49,12.03,19
2879474,42,151,10
2879536,33,0.89,19
2879563,48,84,3
2879582,42,14.89,4
2879628,42,8,1
2879636,44,78,2
2879654,39,41,2
2879664,41,12.03,4
2879682,38,37,12
2879685,51,41,12
2879703,36,6,6
2879725,51,85,15
2879742,44,20,9
2879811,37,12,2
2879835,49,0.03,15
2879855,27,0.03,8
2879866,44,24,2
2879869,30,10,9
2879884,45,72,7
2879902,42,57,7
2879927,19,6,12
2879951,54,180,15
2879984,57,180,13
2880011,38,0.03,4
2880014,51,12.03,12
2880032,45,30,17
2880041,40,32,16
2880104,23,6.26,19
2880128,29,9,4
2880152,34,7,12
2880240,32,21,9
2880281,59,12.03,12
2880300,40,300,16
2880301,46,65,4
2880327,42,12.03,12
2880340,43,21,12
2880345,67,8,12
2880359,39,24,9
2880383,44,0.03,12
2880435,29,18,6
2880445,47,72,16
2880464,52,0.03,6
2880473,71,60,7
2880504,47,135,12
2880507,33,4,6
2880512,32,34.13,4
2880524,50,80,15
2880573,46,40,7
2880576,56,51,4
2880587,31,57,7
2880667,31,33,6
2880669,43,8,12
2880673,48,48,12
2880707,28,0.03,8
2880733,31,27,4
2880741,25,108,6
2880752,53,70,12
2880772,44,0.03,1
2880779,38,78,21
2880820,43,24,15
2880826,77,12.03,21
2880842,36,18,4
2880886,36,18,6
2880888,38,23,12
2880891,33,18,7
2880892,59,36,7
2880898,37,27,4
2880932,37,18,6
2880947,23,27,4
2880948,24,51,7
2880951,56,57,12
2880967,27,30,4
2880987,42,18,4
2880990,27,36,7
2881003,32,6,6
2881013,41,60,7
2881047,39,36,6
2881072,46,18,3
2881089,28,12.03,4
2881091,47,24,6
2881101,34,0.49,12
2881106,28,1.26,4
2881132,64,46,4
2881135,48,16,6
2881216,48,0.03,3
2881229,83,13,12
2881259,36,57,4
2881276,51,42,2
2881297,56,24,16
2881309,44,48,18
2881313,39,20,4
2881349,26,18,4
2881351,54,121,12
2881380,21,18,4
2881385,55,21,6
2881468,56,0.03,12
2881481,24,35,7
2881497,60,42,4
2881499,27,24,6
2881512,57,23,2
2881513,67,0.03,12
2881516,33,70,7
2881517,48,30,7
2881537,49,54,7
2881538,64,0.03,12
2881542,55,31,7
2881549,29,41,6
2881573,28,21,4
2881616,61,15,12
2881635,36,84,15
2881721,64,21,12
2881744,38,30,2
2881764,29,0.03,4
2881772,36,24,2
2881807,25,22,10
2881815,46,48,12
2881817,39,36,4
2881828,30,0.03,12
2881853,37,15,1
2881863,71,18,4
2881880,55,30,12
2881887,65,50,12
2881900,62,42,2
2881904,48,0.03,6
2881966,30,6,4
2882014,48,10,12
2882017,44,5.22,4
2882027,47,51,4
2882076,48,41,6
2882122,51,44,12
2882166,36,1.87,19
2882169,42,18,12
2882190,66,0.03,12
2882201,25,2.96,6
2882205,38,4,6
2882301,28,8,4
2882312,31,63,6
2882325,60,15,12
2882343,43,21,6
2882359,26,60,12
2882379,61,12.03,12
2882419,63,49,12
2882444,45,0.03,1
2882485,59,24,13
2882555,39,9,12
2882576,26,24,6
2882579,62,6,12
2882581,44,0.03,1
2882621,38,13,6
2882628,44,18.1,10
2882634,64,36,16
2882671,61,18,4
2882674,31,24,9
2882718,43,48,6
2882735,61,0.03,21
2882737,64,20,1
2882751,31,48,4
2882784,31,32,6
2882788,35,13,4
2882808,56,27,12
2882811,34,21,15
2882818,36,36,4
2882838,48,51,7
2882841,30,0.03,12
2882857,37,24.03,7
2882872,58,60,12
2882903,44,6,7
2882990,35,12.03,4
2883010,22,27,7
2883012,24,18,4
2883014,61,0.03,12
2883032,55,15,13
2883046,55,30,12
2883072,58,1,6
2883078,23,3.68,19
2883111,57,0.03,15
2883118,30,0.03,6
2883121,29,3,12
2883148,42,23,9
2883150,44,0.03,12
2883183,56,37,2
2883197,31,37,4
2883210,26,4.72,9
2883215,33,0.03,7
2883228,49,15,12
2883230,36,9,9
2883244,50,120,15
2883250,23,0.03,12
2883260,60,12.03,2
2883265,48,40,6
2883284,19,8.87,12
2883293,28,0.03,8
2883360,42,34,12
2883363,42,6,12
2883380,44,0.03,4
2883390,68,12.03,12
2883399,31,45,7
2883421,42,13,12
2883426,43,16,1
2883451,21,8.84,12
2883465,44,6,15
2883469,58,33,1
2883510,61,0.03,19
2883533,64,3,15
2883535,39,7,15
2883549,54,21,6
2883555,70,12.03,12
2883572,56,36,4
2883598,37,34,4
2883602,30,30,6
2883603,41,0.03,10
2883617,53,63,15
2883655,53,12.03,4
2883764,55,78,15
2883779,26,54,4
2883856,57,6,6
2883882,35,4,12
2883884,71,61,12
2883891,34,10,6
2883901,64,30,21
2883910,60,24,12
2883913,28,10,12
2883919,31,41.13,9
2883931,55,48,4
2883941,54,18,12
2883947,44,20,2
2883963,55,12.03,6
2883978,67,30,12
2883988,26,0.03,6
2883990,42,66,1
2884021,22,4.34,19
2884029,22,30,4
2884062,32,0.03,4
2884102,31,45,7
2884120,25,12,7
2884148,41,56,2
2884149,31,51,4
2884162,59,18,6
2884164,39,4.99,12
2884177,55,0.23,3
2884195,23,37,4
2884263,52,6,12
2884275,44,3,4
2884287,38,72,6
2884336,59,21,9
2884337,53,0.03,6
2884343,53,293,12
2884365,37,87,7
2884381,44,66,2
2884413,42,1.48,12
2884423,46,24,1
2884430,39,24,4
2884447,43,0.03,4
2884451,55,36,6
2884459,29,12.03,12
2884493,34,14,9
2884505,39,33,1
2884524,46,120,4
2884545,30,12.03,12
2884553,62,12.03,12
2884576,30,8,12
2884587,55,13,12
2884593,42,151,1
2884598,32,90,12
2884599,44,41,12
2884604,36,18,9
2884635,38,12.03,4
2884665,34,0.03,12
2884682,47,37,4
2884708,20,0.03,16
2884724,26,12.03,4
2884755,27,30,7
2884792,26,1.92,19
2884796,27,21,12
2884847,24,36,4
2884861,45,50,12
2884863,33,0.07,4
2884867,56,0.03,21
2884875,47,4,3
2884902,30,54,12
2884903,33,40,2
2884933,25,1.69,19
2884935,35,3.53,14
2884958,46,12.03,12
2884965,67,24,12
2884982,34,6,6
2884997,34,18,4
2885000,61,8,14
2885065,57,24,4
2885096,56,18,6
2885101,54,5,6
2885103,48,37,2
2885111,39,61,7
2885145,47,27,6
2885149,37,84,12
2885160,38,27,12
2885178,26,2.63,19
2885198,24,36,9
2885219,35,93,16
2885284,36,20,6
2885299,54,27,12
2885329,40,9.79,9
2885355,38,40,4
2885360,32,27,4
2885362,39,6,4
2885371,35,6.85,19
2885373,51,24,6
2885374,36,6.85,19
2885395,60,24,12
2885397,51,21,12
2885433,46,21,2
2885449,37,30,6
2885456,39,81,7
2885466,31,24,4
2885467,57,24,12
2885481,40,12.03,6
2885505,53,61,7
2885509,31,120,6
2885563,63,120,15
2885584,65,21,5
2885608,46,36,7
2885626,28,52,4
2885634,29,6.57,12
2885660,60,18,12
2885661,55,37,15
2885666,52,0.03,6
2885667,34,18,7
2885676,53,0.03,6
2885690,29,0.03,12
2885738,52,14,12
2885740,52,8,6
2885768,27,40,4
2885775,55,27,1
2885777,46,6,2
2885779,58,36,15
2885793,49,30,7
2885805,53,30,4
2885818,34,12.03,4
2885829,32,65,7
2885880,50,4,12
2885902,35,120,10
2885922,24,0.03,4
2885930,41,24,9
2885932,43,108,12
2885941,38,4,5
2885956,23,6.11,19
2885957,21,15,12
2885975,21,1.91,12
2885985,64,27,6
2885986,20,0.03,12
2885988,46,28,6
2886001,56,47,4
2886015,46,5.12,19
2886081,45,48,6
2886100,22,4.96,19
2886119,54,0.03,4
2886127,27,24,6
2886128,48,18,6
2886164,55,30,12
2886166,37,6.89,7
2886168,31,35.23,4
2886244,32,63,2
2886271,36,90,15
2886278,63,0.03,4
2886280,34,10,12
2886291,39,30,12
2886321,27,18,9
2886341,52,22,4
2886358,30,18,9
2886424,34,70,10
2886438,22,0.03,19
2886481,43,0.07,13
2886484,68,0.72,19
2886487,22,11.59,12
2886505,25,2,4
2886509,37,30,2
2886523,46,15,6
2886565,55,72,4
2886566,76,12.03,6
2886568,19,12.03,19
2886596,58,36,12
2886597,43,18,7
2886608,28,9.36,12
2886626,29,0.03,12
2886633,27,64,12
2886637,75,85,1
2886646,46,1,6
2886652,46,42,4
2886684,22,30,4
2886695,42,10,4
2886706,22,0.03,16
2886710,31,6,4
2886717,63,54,13
2886719,61,72,1
2886753,31,33,12
2886787,54,15,4
2886819,41,2,3
2886839,30,12.03,20
2886841,62,0.69,12
2886842,41,12,6
2886845,21,15,4
2886854,45,60,16
2886880,62,0.03,12
2886890,31,24,12
2886928,44,15,6
2886947,42,8.56,6
2886948,36,28,6
2886961,34,0.03,8
2886966,31,6,4
2886970,25,15,6
2886984,54,24,8
2886996,29,24.03,4
2887000,42,12.03,12
2887029,34,0.03,6
2887030,34,63,7
2887057,57,1,12
2887070,23,0.03,4
2887076,25,0.03,8
2887093,30,0.03,4
2887116,35,7,6
2887137,41,27,16
2887175,50,189,4
2887237,26,18,6
2887238,41,54,7
2887243,25,12.03,6
2887245,33,84,7
2887268,42,2.72,4
2887279,24,0.07,4
2887297,67,21,13
2887303,23,0.16,4
2887328,48,63,12
2887333,47,33,4
2887334,52,6,6
2887350,58,37,18
2887360,33,30,12
2887363,31,4.23,7
2887364,57,37,18
2887375,75,37,2
2887379,24,63,15
2887384,41,18,6
2887429,27,0.03,6
2887431,47,65,7
2887452,56,36,7
2887482,55,12.03,6
2887486,31,30,12
2887533,19,4.43,12
2887542,47,6,2
2887574,57,18,6
2887580,34,2.96,12
2887635,31,41,4
2887646,34,12,6
2887666,36,20,2
2887668,62,6,4
2887681,30,33,4
2887685,28,18,4
2887696,43,33,4
2887700,43,30,9
2887725,45,14,4
2887736,49,27,12
2887739,58,0.79,4
2887742,67,6,12
2887765,28,12,6
2887769,49,45,7
2887823,50,6,12
2887873,22,0.03,4
2887881,41,6,4
2887925,45,21,6
2887956,54,21,4
2887958,24,3,4
2887959,61,188,1
2887961,63,87,15
2887967,33,21,12
2887977,24,0.99,4
2887985,25,6,4
2888017,51,48,5
2888018,34,1.97,6
2888046,35,18,4
2888053,44,36,6
2888054,25,6.5,21
2888091,21,35,4
2888111,51,30,12
2888153,46,48,21
2888154,36,0.03,2
2888162,35,24.03,4
2888165,49,0.03,12
2888185,24,18,6
2888196,38,55,6
2888198,57,21,12
2888213,64,12,12
2888220,30,45,6
2888233,46,0.03,20
2888282,43,54,4
2888299,34,0.03,20
2888301,53,84,12
2888304,31,6,4
2888309,30,8,12
2888343,72,0.03,6
2888351,48,120,7
2888439,49,0.03,12
2888453,42,13,12
2888458,37,0.03,15
2888465,23,24.03,6
2888478,58,120,12
2888507,55,60,1
2888510,46,12.03,12
2888556,49,12.03,12
2888579,46,30,8
2888585,22,60,4
2888588,65,18,16
2888619,44,10,6
2888644,60,0.03,2
2888664,42,18,6
2888668,25,10.95,4
2888700,47,27,13
2888705,56,0.03,12
2888723,26,30,9
2888732,23,32,6
2888759,24,102,7
2888760,29,120,21
2888766,60,0.03,16
2888799,37,0.2,12
2888802,32,0.03,9
2888808,53,51,1
2888813,42,12.03,2
2888822,59,0.43,21
2888823,58,12.03,12
2888827,34,37,4
2888830,24,36,13
2888850,32,10,6
2888866,57,0.03,6
2888885,48,9,6
2888888,52,0.03,13
2888902,59,63,12
2888931,30,10.13,9
2888951,37,18,12
2888956,23,5.91,12
2889012,31,18,6
2889014,39,15,12
2889017,21,6,4
2889029,32,21,12
2889035,50,12.03,4
2889045,43,16,6
2889050,52,27,12
2889063,31,15,4
2889083,53,6.6,4
2889122,65,111,12
2889128,39,57,15
2889130,63,6,6
2889149,38,34,12
2889156,40,21,12
2889183,62,20,19
2889189,33,0.03,6
2889199,44,42,6
2889224,61,88,1
2889231,60,46,12
2889241,30,18,9
2889321,45,0.03,15
2889326,30,0.03,12
2889329,41,15,12
2889343,29,82,4
2889345,67,24,12
2889351,47,8,4
2889353,39,51,9
2889408,28,0.03,12
2889412,69,0.03,12
2889418,61,12.03,19
2889419,43,4,8
2889457,26,0.03,4
2889523,55,21,1
2889525,47,12.03,12
2889533,38,74,6
2889554,56,21,8
2889579,57,12.03,6
2889582,62,97,2
2889583,35,78,16
2889594,38,36,4
2889599,73,0.03,20
2889602,34,36,20
2889606,26,30,6
2889639,33,108,7
2889645,31,12.03,6
2889650,39,21,12
2889652,67,21,3
2889696,62,54,2
2889713,46,72,2
2889715,25,120,4
2889727,36,3,19
2889734,57,94,7
2889742,47,0.03,12
2889841,56,12.03,4
2889844,49,28,12
2889894,60,20,2
2889942,38,0.03,6
2889958,41,51,4
2889972,35,37,6
2889997,39,36,12
2890031,38,10,12
2890033,45,24,12
2890078,44,2,12
2890114,34,15,12
2890132,37,60,13
2890170,28,60,15
2890171,50,100,4
2890178,31,7,16
2890181,30,40,4
2890194,48,24,4
2890204,44,30,12
2890206,52,24,21
2890241,65,12.03,6
2890244,28,52,12
2890252,31,0.03,6
2890262,33,0.03,6
2890289,28,12.03,12
2890315,47,0.03,4
2890346,68,0.03,2
2890351,58,0.03,3
2890371,59,27,12
2890386,35,60,4
2890426,31,130,4
2890433,29,40,4
2890507,39,60,4
2890512,45,12.03,12
2890569,53,24,2
2890585,42,51,1
2890590,41,15,12
2890607,23,33,4
2890610,46,0.03,12
2890612,25,37,4
2890618,53,1.97,12
2890631,55,27,12
2890641,37,30,1
2890650,51,21,12
2890655,24,36,6
2890760,31,46,4
2890779,33,12.03,6
2890791,57,8,19
2890796,59,60,12
2890802,22,2.43,9
2890829,47,51,12
2890866,56,6,18
2890882,32,60,12
2890888,58,34,2
2890967,25,18,4
2890969,31,30,20
2890971,30,16,13
2890974,31,18,20
2890982,33,41,20
2890984,26,30,20
2890987,31,175,7
2890989,37,63,21
2890992,19,6.11,4
2890995,24,0.03,6
2890999,50,48,6
2891001,45,12.03,6
2891007,28,12.03,6
2891011,35,18,21
2891022,32,36,7
2891040,55,24,2
2891048,64,36,6
2891063,34,18,12
2891085,23,1,4
2891093,38,0.03,12
2891100,41,24,6
2891133,36,216,21
2891135,36,26.33,12
2891146,29,24,20
2891153,38,12,20
2891170,54,8,7
2891174,36,4,12
2891206,60,15,4
2891213,46,75,7
2891217,23,54,7
2891261,76,46,12
2891304,59,43,11
2891313,30,1,7
2891342,61,63,20
2891370,49,60,15
2891380,29,18,12
2891389,51,78,2
2891404,51,78,2
2891457,31,12,4
2891460,29,3,12
2891498,20,33,12
2891506,42,16,6
2891522,36,33,4
2891532,26,0.03,4
2891547,49,57,13
2891553,36,7.46,19
2891562,61,30,12
2891604,57,4,4
2891612,46,30,7
2891620,68,18,2
2891660,44,12,12
2891673,41,72,13
2891685,37,46,4
2891703,45,46,4
2891705,33,60,6
2891710,41,46,4
2891787,51,36,16
2891825,26,33,4
2891852,50,0.03,3
2891854,64,48,15
2891896,36,31,6
2891908,57,120,15
2891920,68,15,6
2891927,28,43,4
2891931,73,0.03,17
2891937,65,0.03,2
2891940,62,0.03,12
2891955,41,36,7
2891957,51,0.13,19
2891996,37,19,7
2892007,45,37,4
2892009,34,30,4
2892028,37,36,4
2892044,31,82,4
2892076,48,84,1
2892252,31,6,4
2892254,52,0.03,10
2892566,28,0.03,12
2892580,47,97,12
2892615,49,24,21
2893718,55,12.03,1
2893775,59,20,2
2893798,27,3,7
2893821,32,18,20
2893825,34,33,4
2894244,45,108,12
2894737,44,24,9
2894886,57,10,12
2895193,51,42,7
2896029,36,28,6
2896854,56,24,7
2896859,34,6,7
2897102,35,6,7
2901183,40,37,7
2901196,46,63,7
2901202,71,30,7
2901219,38,12.03,1
2901360,39,90,6
2901748,51,4.26,6
2901750,54,48,1
2901754,32,51,6
2901777,53,0.62,6
2901784,26,6.33,15
2902174,34,60,12
2902860,54,0.03,1
2902878,28,10,20
2903321,49,0.03,9
2903323,56,21,12
2903330,40,0.03,19
2903404,58,72,1
2904184,22,72,4
2904185,27,0.03,10
2904196,32,0.03,4
2904273,48,10,4
2904980,33,12.03,2
2905809,32,96,7
2909105,35,1.79,4
